2025-11-21 20:41:20,795 - 
==============================
2025-11-21 20:41:20,795 - \U0001f680 Starting Windows Git Auto Push
2025-11-21 20:41:20,795 - ==============================
2025-11-21 20:41:20,796 - 
\U0001f50d Scanning drive: D:\
2025-11-21 20:41:20,797 - 
\u27a1\ufe0f Checking repository: D:\reactjs\nexus-admin
2025-11-21 20:41:20,836 - \u26d4 Not a valid Git repository, skipping: D:\reactjs\nexus-admin
2025-11-21 20:41:20,866 - 
\u27a1\ufe0f Checking repository: D:\Bitnami\wampstack-5.6.40-1\apache2\htdocs\allishan\Allishan
2025-11-21 20:41:20,904 - \u26d4 Not a valid Git repository, skipping: D:\Bitnami\wampstack-5.6.40-1\apache2\htdocs\allishan\Allishan
2025-11-21 20:41:20,916 - 
\u27a1\ufe0f Checking repository: D:\Bitnami\wampstack-5.6.40-1\apache2\htdocs\api
2025-11-21 20:41:20,954 - \u26d4 Not a valid Git repository, skipping: D:\Bitnami\wampstack-5.6.40-1\apache2\htdocs\api
2025-11-21 20:41:21,019 - 
\u27a1\ufe0f Checking repository: D:\Bitnami\wampstack-5.6.40-1\apache2\htdocs\EcomAPI
2025-11-21 20:41:21,055 - \u26d4 Not a valid Git repository, skipping: D:\Bitnami\wampstack-5.6.40-1\apache2\htdocs\EcomAPI
2025-11-21 20:41:21,057 - 
\u27a1\ufe0f Checking repository: D:\Bitnami\wampstack-5.6.40-1\apache2\htdocs\enlite\enlite\enlite
2025-11-21 20:41:21,094 - \u26d4 Not a valid Git repository, skipping: D:\Bitnami\wampstack-5.6.40-1\apache2\htdocs\enlite\enlite\enlite
2025-11-21 20:41:21,122 - 
\u27a1\ufe0f Checking repository: D:\Bitnami\wampstack-5.6.40-1\apache2\htdocs\filemanager-admin
2025-11-21 20:41:21,158 - \u26d4 Not a valid Git repository, skipping: D:\Bitnami\wampstack-5.6.40-1\apache2\htdocs\filemanager-admin
2025-11-21 20:41:21,519 - 
\u27a1\ufe0f Checking repository: D:\HMS - Kolkata1
2025-11-21 20:41:21,557 - \u26d4 Not a valid Git repository, skipping: D:\HMS - Kolkata1
2025-11-21 20:41:21,872 - 
\u27a1\ufe0f Checking repository: D:\EnLite\EnliteFinal
2025-11-21 20:41:21,911 - \u26d4 Not a valid Git repository, skipping: D:\EnLite\EnliteFinal
2025-11-21 20:41:21,912 - 
\u27a1\ufe0f Checking repository: D:\EnLite\Enlite
2025-11-21 20:41:21,951 - \u26d4 Not a valid Git repository, skipping: D:\EnLite\Enlite
2025-11-21 20:41:21,952 - 
\u27a1\ufe0f Checking repository: D:\EnLite\websync
2025-11-21 20:41:21,989 - \u26d4 Not a valid Git repository, skipping: D:\EnLite\websync
2025-11-21 20:41:22,567 - 
\u27a1\ufe0f Checking repository: D:\androidprjs\Actronix
2025-11-21 20:41:22,605 - \u26d4 Not a valid Git repository, skipping: D:\androidprjs\Actronix
2025-11-21 20:41:22,748 - 
\u27a1\ufe0f Checking repository: D:\androidprjs\NexusTrack
2025-11-21 20:41:22,786 - \u26d4 Not a valid Git repository, skipping: D:\androidprjs\NexusTrack
2025-11-21 20:41:22,941 - 
\u27a1\ufe0f Checking repository: D:\Visual-Studio-Projects\ctkartsync
2025-11-21 20:41:22,981 - \u26d4 Not a valid Git repository, skipping: D:\Visual-Studio-Projects\ctkartsync
2025-11-21 20:41:23,003 - 
\u27a1\ufe0f Checking repository: D:\Visual-Studio-Projects\EnliteApiServer\AccessApiServer
2025-11-21 20:41:23,042 - \u26d4 Not a valid Git repository, skipping: D:\Visual-Studio-Projects\EnliteApiServer\AccessApiServer
2025-11-21 20:41:23,042 - 
\u27a1\ufe0f Checking repository: D:\Visual-Studio-Projects\Face-Detection
2025-11-21 20:41:23,077 - \u26d4 Not a valid Git repository, skipping: D:\Visual-Studio-Projects\Face-Detection
2025-11-21 20:41:23,077 - 
\u27a1\ufe0f Checking repository: D:\Visual-Studio-Projects\Face-Detection2
2025-11-21 20:41:23,114 - \u26d4 Not a valid Git repository, skipping: D:\Visual-Studio-Projects\Face-Detection2
2025-11-21 20:41:23,276 - 
\u27a1\ufe0f Checking repository: D:\Visual-Studio-Projects\kutuprojects\FaceRecognition
2025-11-21 20:41:23,313 - \u26d4 Not a valid Git repository, skipping: D:\Visual-Studio-Projects\kutuprojects\FaceRecognition
2025-11-21 20:41:23,424 - 
\u27a1\ufe0f Checking repository: D:\Visual-Studio-Projects\WpfCameraAForge
2025-11-21 20:41:23,461 - \u26d4 Not a valid Git repository, skipping: D:\Visual-Studio-Projects\WpfCameraAForge
2025-11-21 20:41:23,537 - 
\u27a1\ufe0f Checking repository: D:\python\gstRPA\simple-captcha-solver
2025-11-21 20:41:23,573 - \u26d4 Not a valid Git repository, skipping: D:\python\gstRPA\simple-captcha-solver
2025-11-21 20:41:23,574 - 
\u27a1\ufe0f Checking repository: D:\python\ocr_invoice_pipeline
2025-11-21 20:41:23,637 - \u26d4 Not a valid Git repository, skipping: D:\python\ocr_invoice_pipeline
2025-11-21 20:41:23,702 - 
\u27a1\ufe0f Checking repository: D:\python\webcamview
2025-11-21 20:41:23,738 - \u26d4 Not a valid Git repository, skipping: D:\python\webcamview
2025-11-21 20:41:23,740 - 
\u27a1\ufe0f Checking repository: D:\python\huging-face\model\surreal-ai-generator
2025-11-21 20:41:23,828 - \u2713 No changes found
2025-11-21 20:41:23,830 - 
\u27a1\ufe0f Checking repository: D:\electron\nexus-admin
2025-11-21 20:41:23,871 - \u26d4 Not a valid Git repository, skipping: D:\electron\nexus-admin
2025-11-21 20:41:25,469 - 
\U0001f50d Scanning drive: F:\
2025-11-21 20:41:26,043 - 
\U0001f50d Scanning drive: I:\
2025-11-21 20:41:26,049 - 
\u27a1\ufe0f Checking repository: I:\desktop_D-drive(ssd)\AdityaA1\A1SECURITY\abco
2025-11-21 20:41:26,095 - \u26d4 Not a valid Git repository, skipping: I:\desktop_D-drive(ssd)\AdityaA1\A1SECURITY\abco
2025-11-21 20:41:26,098 - 
\u27a1\ufe0f Checking repository: I:\desktop_D-drive(ssd)\AdityaA1\A1SecurityOnline
2025-11-21 20:41:26,139 - \u26d4 Not a valid Git repository, skipping: I:\desktop_D-drive(ssd)\AdityaA1\A1SecurityOnline
2025-11-21 20:41:26,140 - 
\u27a1\ufe0f Checking repository: I:\desktop_D-drive(ssd)\AdityaA1\A1SecurityOnline - Copy
2025-11-21 20:41:26,181 - \u26d4 Not a valid Git repository, skipping: I:\desktop_D-drive(ssd)\AdityaA1\A1SecurityOnline - Copy
2025-11-21 20:41:26,183 - 
\u27a1\ufe0f Checking repository: I:\desktop_D-drive(ssd)\Allishan
2025-11-21 20:41:26,222 - \u26d4 Not a valid Git repository, skipping: I:\desktop_D-drive(ssd)\Allishan
2025-11-21 20:41:26,911 - 
\u27a1\ufe0f Checking repository: I:\desktop_D-drive(ssd)\consornac\api\vendor\maatwebsite\excel
2025-11-21 20:41:26,949 - \u26d4 Not a valid Git repository, skipping: I:\desktop_D-drive(ssd)\consornac\api\vendor\maatwebsite\excel
2025-11-21 20:41:26,968 - 
\u27a1\ufe0f Checking repository: I:\desktop_D-drive(ssd)\consornac\api\vendor\phpoffice\phpexcel
2025-11-21 20:41:27,010 - \u26d4 Not a valid Git repository, skipping: I:\desktop_D-drive(ssd)\consornac\api\vendor\phpoffice\phpexcel
2025-11-21 20:41:28,411 - 
\u27a1\ufe0f Checking repository: I:\desktop_D-drive(ssd)\webapps\allishan\Allishan
2025-11-21 20:41:28,448 - \u26d4 Not a valid Git repository, skipping: I:\desktop_D-drive(ssd)\webapps\allishan\Allishan
2025-11-21 20:41:28,461 - 
\u27a1\ufe0f Checking repository: I:\desktop_D-drive(ssd)\webapps\api
2025-11-21 20:41:28,501 - \u26d4 Not a valid Git repository, skipping: I:\desktop_D-drive(ssd)\webapps\api
2025-11-21 20:41:28,567 - 
\u27a1\ufe0f Checking repository: I:\desktop_D-drive(ssd)\webapps\EcomAPI
2025-11-21 20:41:28,602 - \u26d4 Not a valid Git repository, skipping: I:\desktop_D-drive(ssd)\webapps\EcomAPI
2025-11-21 20:41:28,603 - 
\u27a1\ufe0f Checking repository: I:\desktop_D-drive(ssd)\webapps\enlite\enlite\enlite
2025-11-21 20:41:28,641 - \u26d4 Not a valid Git repository, skipping: I:\desktop_D-drive(ssd)\webapps\enlite\enlite\enlite
2025-11-21 20:41:28,847 - 
\u27a1\ufe0f Checking repository: I:\desktop_D-drive(ssd)\Visual-Studio-Projects\ctkartsync
2025-11-21 20:41:28,884 - \u26d4 Not a valid Git repository, skipping: I:\desktop_D-drive(ssd)\Visual-Studio-Projects\ctkartsync
2025-11-21 20:41:28,907 - 
\u27a1\ufe0f Checking repository: I:\desktop_D-drive(ssd)\Visual-Studio-Projects\EnliteApiServer\AccessApiServer
2025-11-21 20:41:28,944 - \u26d4 Not a valid Git repository, skipping: I:\desktop_D-drive(ssd)\Visual-Studio-Projects\EnliteApiServer\AccessApiServer
2025-11-21 20:41:28,945 - 
\u27a1\ufe0f Checking repository: I:\desktop_D-drive(ssd)\Visual-Studio-Projects\Face-Detection
2025-11-21 20:41:28,980 - \u26d4 Not a valid Git repository, skipping: I:\desktop_D-drive(ssd)\Visual-Studio-Projects\Face-Detection
2025-11-21 20:41:28,980 - 
\u27a1\ufe0f Checking repository: I:\desktop_D-drive(ssd)\Visual-Studio-Projects\Face-Detection2
2025-11-21 20:41:29,016 - \u26d4 Not a valid Git repository, skipping: I:\desktop_D-drive(ssd)\Visual-Studio-Projects\Face-Detection2
2025-11-21 20:41:29,180 - 
\u27a1\ufe0f Checking repository: I:\desktop_D-drive(ssd)\Visual-Studio-Projects\kutuprojects\FaceRecognition
2025-11-21 20:41:29,218 - \u26d4 Not a valid Git repository, skipping: I:\desktop_D-drive(ssd)\Visual-Studio-Projects\kutuprojects\FaceRecognition
2025-11-21 20:41:29,331 - 
\u27a1\ufe0f Checking repository: I:\desktop_D-drive(ssd)\Visual-Studio-Projects\WpfCameraAForge
2025-11-21 20:41:29,373 - \u26d4 Not a valid Git repository, skipping: I:\desktop_D-drive(ssd)\Visual-Studio-Projects\WpfCameraAForge
2025-11-21 20:41:29,378 - 
\u27a1\ufe0f Checking repository: I:\desktop_D-drive(ssd)\Enlite\Enlite
2025-11-21 20:41:29,417 - \u26d4 Not a valid Git repository, skipping: I:\desktop_D-drive(ssd)\Enlite\Enlite
2025-11-21 20:41:29,418 - 
\u27a1\ufe0f Checking repository: I:\desktop_D-drive(ssd)\Enlite\websync
2025-11-21 20:41:29,456 - \u26d4 Not a valid Git repository, skipping: I:\desktop_D-drive(ssd)\Enlite\websync
2025-11-21 20:41:29,474 - 
\u27a1\ufe0f Checking repository: I:\desktop_D-drive(ssd)\HMS - Kolkata1
2025-11-21 20:41:29,511 - \u26d4 Not a valid Git repository, skipping: I:\desktop_D-drive(ssd)\HMS - Kolkata1
2025-11-21 20:41:29,559 - 
\u27a1\ufe0f Checking repository: I:\desktop_D-drive(ssd)\python\gstRPA\simple-captcha-solver
2025-11-21 20:41:29,595 - \u26d4 Not a valid Git repository, skipping: I:\desktop_D-drive(ssd)\python\gstRPA\simple-captcha-solver
2025-11-21 20:41:29,595 - 
\u27a1\ufe0f Checking repository: I:\desktop_D-drive(ssd)\python\ocr_invoice_pipeline
2025-11-21 20:41:29,632 - \u26d4 Not a valid Git repository, skipping: I:\desktop_D-drive(ssd)\python\ocr_invoice_pipeline
2025-11-21 20:41:29,697 - 
\u27a1\ufe0f Checking repository: I:\desktop_D-drive(ssd)\python\webcamview
2025-11-21 20:41:29,733 - \u26d4 Not a valid Git repository, skipping: I:\desktop_D-drive(ssd)\python\webcamview
2025-11-21 20:41:32,406 - 
\u27a1\ufe0f Checking repository: I:\pythonprj\testprgs\inv-olmocr-api
2025-11-21 20:41:32,488 - \u2713 No changes found
2025-11-21 20:41:33,256 - 
\u27a1\ufe0f Checking repository: I:\pythonprj\gitautopush
2025-11-21 20:41:33,293 - \u26d4 Not a valid Git repository, skipping: I:\pythonprj\gitautopush
2025-11-21 20:41:33,315 - 
\u27a1\ufe0f Checking repository: I:\documents\NetBeansProjects\patholab
2025-11-21 20:41:33,354 - \u26d4 Not a valid Git repository, skipping: I:\documents\NetBeansProjects\patholab
2025-11-21 20:41:33,359 - 
\u27a1\ufe0f Checking repository: I:\electron\employ-track-map-view
2025-11-21 20:41:33,394 - \u26d4 Not a valid Git repository, skipping: I:\electron\employ-track-map-view
2025-11-21 20:41:33,866 - 
\U0001f50d Scanning drive: J:\
2025-11-21 20:41:34,161 - 
\u27a1\ufe0f Checking repository: J:\restored\SpeedRecovery\01 New Volume (H ) Normal files  (1175711 files)\found.000\dir0155.chk\EnliteFinal
2025-11-21 20:41:34,199 - \u26d4 Not a valid Git repository, skipping: J:\restored\SpeedRecovery\01 New Volume (H ) Normal files  (1175711 files)\found.000\dir0155.chk\EnliteFinal
2025-11-21 20:41:34,207 - 
\u27a1\ufe0f Checking repository: J:\restored\SpeedRecovery\01 New Volume (H ) Normal files  (1175711 files)\found.000\dir0155.chk\EnliteFinal-docker
2025-11-21 20:41:34,244 - \u26d4 Not a valid Git repository, skipping: J:\restored\SpeedRecovery\01 New Volume (H ) Normal files  (1175711 files)\found.000\dir0155.chk\EnliteFinal-docker
2025-11-21 20:41:34,426 - 
\u27a1\ufe0f Checking repository: J:\webapps\api
2025-11-21 20:41:34,464 - \u26d4 Not a valid Git repository, skipping: J:\webapps\api
2025-11-21 20:41:34,531 - 
\u27a1\ufe0f Checking repository: J:\webapps\EcomAPI
2025-11-21 20:41:34,565 - \u26d4 Not a valid Git repository, skipping: J:\webapps\EcomAPI
2025-11-21 20:41:34,567 - 
\u27a1\ufe0f Checking repository: J:\webapps\enlite\enlite\enlite
2025-11-21 20:41:34,603 - \u26d4 Not a valid Git repository, skipping: J:\webapps\enlite\enlite\enlite
2025-11-21 20:41:34,699 - 
==============================
2025-11-21 20:41:34,699 - \U0001f3c1 Completed scanning all drives

2025-11-21 20:41:34,699 - ==============================

2025-11-21 21:41:39,604 - ===== Windows Git Auto Push Started =====
2025-11-21 21:41:39,604 - === Showing Git Configuration ===
2025-11-21 21:41:39,640 - --- Global Git Config ---
2025-11-21 21:41:39,640 - user.email=acharyaabinash.1973@gmail.com
user.name=Abinash Acharya
filter.lfs.required=true
filter.lfs.clean=git-lfs clean -- %f
filter.lfs.smudge=git-lfs smudge -- %f
filter.lfs.process=git-lfs filter-process
core.editor="C:\Users\ABINASH\AppData\Local\Programs\Microsoft VS Code Insiders\bin\code-insiders" --wait
credential.https://huggingface.co.provider=generic
safe.directory=D:/python/huging-face/model/surreal-ai-generator
safe.directory=I:/pythonprj/testprgs/inv-olmocr-api
2025-11-21 21:41:39,674 - --- System Git Config ---
2025-11-21 21:41:39,674 - diff.astextplain.textconv=astextplain
filter.lfs.clean=git-lfs clean -- %f
filter.lfs.smudge=git-lfs smudge -- %f
filter.lfs.process=git-lfs filter-process
filter.lfs.required=true
http.sslbackend=openssl
http.sslcainfo=C:/Program Files/Git/mingw64/etc/ssl/certs/ca-bundle.crt
core.autocrlf=true
core.fscache=true
core.symlinks=true
pull.rebase=false
credential.helper=manager
credential.https://dev.azure.com.usehttppath=true
init.defaultbranch=master
2025-11-21 21:41:39,706 - --- Local Git Config (may fail if no repo) ---
2025-11-21 21:41:40,066 - (No output)
2025-11-21 21:41:40,066 - === End Git Configuration ===

2025-11-21 21:41:40,066 - \U0001f50d Scanning drive: D:\
2025-11-21 21:41:40,101 - \u2192 Checking repo: D:\reactjs\nexus-admin
2025-11-21 21:41:40,137 - \u2718 Invalid or missing remote in D:\reactjs\nexus-admin. Skipping.
2025-11-21 21:41:40,163 - \u2192 Checking repo: D:\Bitnami\wampstack-5.6.40-1\apache2\htdocs\allishan\Allishan
2025-11-21 21:41:40,197 - \u2718 Invalid or missing remote in D:\Bitnami\wampstack-5.6.40-1\apache2\htdocs\allishan\Allishan. Skipping.
2025-11-21 21:41:40,210 - \u2192 Checking repo: D:\Bitnami\wampstack-5.6.40-1\apache2\htdocs\api
2025-11-21 21:41:40,244 - \u2718 Invalid or missing remote in D:\Bitnami\wampstack-5.6.40-1\apache2\htdocs\api. Skipping.
2025-11-21 21:41:40,307 - \u2192 Checking repo: D:\Bitnami\wampstack-5.6.40-1\apache2\htdocs\EcomAPI
2025-11-21 21:41:40,341 - \u2718 Invalid or missing remote in D:\Bitnami\wampstack-5.6.40-1\apache2\htdocs\EcomAPI. Skipping.
2025-11-21 21:41:40,342 - \u2192 Checking repo: D:\Bitnami\wampstack-5.6.40-1\apache2\htdocs\enlite\enlite\enlite
2025-11-21 21:41:40,377 - \u2718 Invalid or missing remote in D:\Bitnami\wampstack-5.6.40-1\apache2\htdocs\enlite\enlite\enlite. Skipping.
2025-11-21 21:41:40,405 - \u2192 Checking repo: D:\Bitnami\wampstack-5.6.40-1\apache2\htdocs\filemanager-admin
2025-11-21 21:41:40,439 - \u2718 Invalid or missing remote in D:\Bitnami\wampstack-5.6.40-1\apache2\htdocs\filemanager-admin. Skipping.
2025-11-21 21:41:40,792 - \u2192 Checking repo: D:\HMS - Kolkata1
2025-11-21 21:41:40,827 - \u2718 Invalid or missing remote in D:\HMS - Kolkata1. Skipping.
2025-11-21 21:41:41,143 - \u2192 Checking repo: D:\EnLite\EnliteFinal
2025-11-21 21:41:41,178 - \u2718 Invalid or missing remote in D:\EnLite\EnliteFinal. Skipping.
2025-11-21 21:41:41,179 - \u2192 Checking repo: D:\EnLite\Enlite
2025-11-21 21:41:41,215 - \u2718 Invalid or missing remote in D:\EnLite\Enlite. Skipping.
2025-11-21 21:41:41,215 - \u2192 Checking repo: D:\EnLite\websync
2025-11-21 21:41:41,249 - \u2718 Invalid or missing remote in D:\EnLite\websync. Skipping.
2025-11-21 21:41:41,912 - \u2192 Checking repo: D:\androidprjs\Actronix
2025-11-21 21:41:41,947 - \u2718 Invalid or missing remote in D:\androidprjs\Actronix. Skipping.
2025-11-21 21:41:42,104 - \u2192 Checking repo: D:\androidprjs\NexusTrack
2025-11-21 21:41:42,138 - \u2718 Invalid or missing remote in D:\androidprjs\NexusTrack. Skipping.
2025-11-21 21:41:42,302 - \u2192 Checking repo: D:\Visual-Studio-Projects\ctkartsync
2025-11-21 21:41:42,339 - \u2718 Invalid or missing remote in D:\Visual-Studio-Projects\ctkartsync. Skipping.
2025-11-21 21:41:42,360 - \u2192 Checking repo: D:\Visual-Studio-Projects\EnliteApiServer\AccessApiServer
2025-11-21 21:41:42,400 - \u2718 Invalid or missing remote in D:\Visual-Studio-Projects\EnliteApiServer\AccessApiServer. Skipping.
2025-11-21 21:41:42,400 - \u2192 Checking repo: D:\Visual-Studio-Projects\Face-Detection
2025-11-21 21:41:42,436 - \u2718 Invalid or missing remote in D:\Visual-Studio-Projects\Face-Detection. Skipping.
2025-11-21 21:41:42,436 - \u2192 Checking repo: D:\Visual-Studio-Projects\Face-Detection2
2025-11-21 21:41:42,469 - \u2718 Invalid or missing remote in D:\Visual-Studio-Projects\Face-Detection2. Skipping.
2025-11-21 21:41:42,647 - \u2192 Checking repo: D:\Visual-Studio-Projects\kutuprojects\FaceRecognition
2025-11-21 21:41:42,683 - \u2718 Invalid or missing remote in D:\Visual-Studio-Projects\kutuprojects\FaceRecognition. Skipping.
2025-11-21 21:41:42,801 - \u2192 Checking repo: D:\Visual-Studio-Projects\WpfCameraAForge
2025-11-21 21:41:42,842 - \u2718 Invalid or missing remote in D:\Visual-Studio-Projects\WpfCameraAForge. Skipping.
2025-11-21 21:41:42,925 - \u2192 Checking repo: D:\python\gstRPA\simple-captcha-solver
2025-11-21 21:41:42,961 - \u2718 Invalid or missing remote in D:\python\gstRPA\simple-captcha-solver. Skipping.
2025-11-21 21:41:42,961 - \u2192 Checking repo: D:\python\ocr_invoice_pipeline
2025-11-21 21:41:42,994 - \u2718 Invalid or missing remote in D:\python\ocr_invoice_pipeline. Skipping.
2025-11-21 21:41:43,061 - \u2192 Checking repo: D:\python\webcamview
2025-11-21 21:41:43,097 - \u2718 Invalid or missing remote in D:\python\webcamview. Skipping.
2025-11-21 21:41:43,099 - \u2192 Checking repo: D:\python\huging-face\model\surreal-ai-generator
2025-11-21 21:41:43,175 - \u2713 No changes in D:\python\huging-face\model\surreal-ai-generator
2025-11-21 21:41:43,177 - \u2192 Checking repo: D:\electron\nexus-admin
2025-11-21 21:41:43,211 - \u2718 Invalid or missing remote in D:\electron\nexus-admin. Skipping.
2025-11-21 21:41:44,761 - \U0001f50d Scanning drive: F:\
2025-11-21 21:41:45,228 - \U0001f50d Scanning drive: I:\
2025-11-21 21:41:45,232 - \u2192 Checking repo: I:\desktop_D-drive(ssd)\AdityaA1\A1SECURITY\abco
2025-11-21 21:41:45,267 - \u2718 Invalid or missing remote in I:\desktop_D-drive(ssd)\AdityaA1\A1SECURITY\abco. Skipping.
2025-11-21 21:41:45,270 - \u2192 Checking repo: I:\desktop_D-drive(ssd)\AdityaA1\A1SecurityOnline
2025-11-21 21:41:45,305 - \u2718 Invalid or missing remote in I:\desktop_D-drive(ssd)\AdityaA1\A1SecurityOnline. Skipping.
2025-11-21 21:41:45,305 - \u2192 Checking repo: I:\desktop_D-drive(ssd)\AdityaA1\A1SecurityOnline - Copy
2025-11-21 21:41:45,340 - \u2718 Invalid or missing remote in I:\desktop_D-drive(ssd)\AdityaA1\A1SecurityOnline - Copy. Skipping.
2025-11-21 21:41:45,342 - \u2192 Checking repo: I:\desktop_D-drive(ssd)\Allishan
2025-11-21 21:41:45,376 - \u2718 Invalid or missing remote in I:\desktop_D-drive(ssd)\Allishan. Skipping.
2025-11-21 21:41:46,009 - \u2192 Checking repo: I:\desktop_D-drive(ssd)\consornac\api\vendor\maatwebsite\excel
2025-11-21 21:41:46,044 - \u2718 Invalid or missing remote in I:\desktop_D-drive(ssd)\consornac\api\vendor\maatwebsite\excel. Skipping.
2025-11-21 21:41:46,060 - \u2192 Checking repo: I:\desktop_D-drive(ssd)\consornac\api\vendor\phpoffice\phpexcel
2025-11-21 21:41:46,095 - \u2718 Invalid or missing remote in I:\desktop_D-drive(ssd)\consornac\api\vendor\phpoffice\phpexcel. Skipping.
2025-11-21 21:41:47,507 - \u2192 Checking repo: I:\desktop_D-drive(ssd)\webapps\allishan\Allishan
2025-11-21 21:41:47,542 - \u2718 Invalid or missing remote in I:\desktop_D-drive(ssd)\webapps\allishan\Allishan. Skipping.
2025-11-21 21:41:47,554 - \u2192 Checking repo: I:\desktop_D-drive(ssd)\webapps\api
2025-11-21 21:41:47,588 - \u2718 Invalid or missing remote in I:\desktop_D-drive(ssd)\webapps\api. Skipping.
2025-11-21 21:41:47,651 - \u2192 Checking repo: I:\desktop_D-drive(ssd)\webapps\EcomAPI
2025-11-21 21:41:47,687 - \u2718 Invalid or missing remote in I:\desktop_D-drive(ssd)\webapps\EcomAPI. Skipping.
2025-11-21 21:41:47,689 - \u2192 Checking repo: I:\desktop_D-drive(ssd)\webapps\enlite\enlite\enlite
2025-11-21 21:41:47,725 - \u2718 Invalid or missing remote in I:\desktop_D-drive(ssd)\webapps\enlite\enlite\enlite. Skipping.
2025-11-21 21:41:47,929 - \u2192 Checking repo: I:\desktop_D-drive(ssd)\Visual-Studio-Projects\ctkartsync
2025-11-21 21:41:47,966 - \u2718 Invalid or missing remote in I:\desktop_D-drive(ssd)\Visual-Studio-Projects\ctkartsync. Skipping.
2025-11-21 21:41:47,986 - \u2192 Checking repo: I:\desktop_D-drive(ssd)\Visual-Studio-Projects\EnliteApiServer\AccessApiServer
2025-11-21 21:41:48,021 - \u2718 Invalid or missing remote in I:\desktop_D-drive(ssd)\Visual-Studio-Projects\EnliteApiServer\AccessApiServer. Skipping.
2025-11-21 21:41:48,021 - \u2192 Checking repo: I:\desktop_D-drive(ssd)\Visual-Studio-Projects\Face-Detection
2025-11-21 21:41:48,054 - \u2718 Invalid or missing remote in I:\desktop_D-drive(ssd)\Visual-Studio-Projects\Face-Detection. Skipping.
2025-11-21 21:41:48,054 - \u2192 Checking repo: I:\desktop_D-drive(ssd)\Visual-Studio-Projects\Face-Detection2
2025-11-21 21:41:48,089 - \u2718 Invalid or missing remote in I:\desktop_D-drive(ssd)\Visual-Studio-Projects\Face-Detection2. Skipping.
2025-11-21 21:41:48,252 - \u2192 Checking repo: I:\desktop_D-drive(ssd)\Visual-Studio-Projects\kutuprojects\FaceRecognition
2025-11-21 21:41:48,287 - \u2718 Invalid or missing remote in I:\desktop_D-drive(ssd)\Visual-Studio-Projects\kutuprojects\FaceRecognition. Skipping.
2025-11-21 21:41:48,399 - \u2192 Checking repo: I:\desktop_D-drive(ssd)\Visual-Studio-Projects\WpfCameraAForge
2025-11-21 21:41:48,439 - \u2718 Invalid or missing remote in I:\desktop_D-drive(ssd)\Visual-Studio-Projects\WpfCameraAForge. Skipping.
2025-11-21 21:41:48,443 - \u2192 Checking repo: I:\desktop_D-drive(ssd)\Enlite\Enlite
2025-11-21 21:41:48,480 - \u2718 Invalid or missing remote in I:\desktop_D-drive(ssd)\Enlite\Enlite. Skipping.
2025-11-21 21:41:48,481 - \u2192 Checking repo: I:\desktop_D-drive(ssd)\Enlite\websync
2025-11-21 21:41:48,515 - \u2718 Invalid or missing remote in I:\desktop_D-drive(ssd)\Enlite\websync. Skipping.
2025-11-21 21:41:48,534 - \u2192 Checking repo: I:\desktop_D-drive(ssd)\HMS - Kolkata1
2025-11-21 21:41:48,567 - \u2718 Invalid or missing remote in I:\desktop_D-drive(ssd)\HMS - Kolkata1. Skipping.
2025-11-21 21:41:48,614 - \u2192 Checking repo: I:\desktop_D-drive(ssd)\python\gstRPA\simple-captcha-solver
2025-11-21 21:41:48,649 - \u2718 Invalid or missing remote in I:\desktop_D-drive(ssd)\python\gstRPA\simple-captcha-solver. Skipping.
2025-11-21 21:41:48,649 - \u2192 Checking repo: I:\desktop_D-drive(ssd)\python\ocr_invoice_pipeline
2025-11-21 21:41:48,684 - \u2718 Invalid or missing remote in I:\desktop_D-drive(ssd)\python\ocr_invoice_pipeline. Skipping.
2025-11-21 21:41:48,748 - \u2192 Checking repo: I:\desktop_D-drive(ssd)\python\webcamview
2025-11-21 21:41:48,784 - \u2718 Invalid or missing remote in I:\desktop_D-drive(ssd)\python\webcamview. Skipping.
2025-11-21 21:41:51,866 - \u2192 Checking repo: I:\pythonprj\testprgs\inv-olmocr-api
2025-11-21 21:41:51,951 - \u2713 No changes in I:\pythonprj\testprgs\inv-olmocr-api
2025-11-21 21:41:52,867 - \u2192 Checking repo: I:\pythonprj\gitautopush
2025-11-21 21:41:52,902 - \u2718 Invalid or missing remote in I:\pythonprj\gitautopush. Skipping.
2025-11-21 21:41:52,922 - \u2192 Checking repo: I:\documents\NetBeansProjects\patholab
2025-11-21 21:41:52,959 - \u2718 Invalid or missing remote in I:\documents\NetBeansProjects\patholab. Skipping.
2025-11-21 21:41:52,965 - \u2192 Checking repo: I:\electron\employ-track-map-view
2025-11-21 21:41:53,001 - \u2718 Invalid or missing remote in I:\electron\employ-track-map-view. Skipping.
2025-11-21 21:41:53,503 - \U0001f50d Scanning drive: J:\
2025-11-21 21:41:53,822 - \u2192 Checking repo: J:\restored\SpeedRecovery\01 New Volume (H ) Normal files  (1175711 files)\found.000\dir0155.chk\EnliteFinal
2025-11-21 21:41:53,858 - \u2718 Invalid or missing remote in J:\restored\SpeedRecovery\01 New Volume (H ) Normal files  (1175711 files)\found.000\dir0155.chk\EnliteFinal. Skipping.
2025-11-21 21:41:53,864 - \u2192 Checking repo: J:\restored\SpeedRecovery\01 New Volume (H ) Normal files  (1175711 files)\found.000\dir0155.chk\EnliteFinal-docker
2025-11-21 21:41:53,901 - \u2718 Invalid or missing remote in J:\restored\SpeedRecovery\01 New Volume (H ) Normal files  (1175711 files)\found.000\dir0155.chk\EnliteFinal-docker. Skipping.
2025-11-21 21:41:54,080 - \u2192 Checking repo: J:\webapps\api
2025-11-21 21:41:54,118 - \u2718 Invalid or missing remote in J:\webapps\api. Skipping.
2025-11-21 21:41:54,180 - \u2192 Checking repo: J:\webapps\EcomAPI
2025-11-21 21:41:54,213 - \u2718 Invalid or missing remote in J:\webapps\EcomAPI. Skipping.
2025-11-21 21:41:54,214 - \u2192 Checking repo: J:\webapps\enlite\enlite\enlite
2025-11-21 21:41:54,249 - \u2718 Invalid or missing remote in J:\webapps\enlite\enlite\enlite. Skipping.
2025-11-21 21:41:54,345 - ===== Execution Completed =====

2025-11-21 21:42:26,893 - 
==============================
2025-11-21 21:42:26,893 - \U0001f680 Starting Windows Git Auto Push
2025-11-21 21:42:26,893 - ==============================
2025-11-21 21:42:26,894 - 
\U0001f50d Scanning drive: D:\
2025-11-21 21:42:26,895 - 
\u27a1\ufe0f Checking repository: D:\reactjs\nexus-admin
2025-11-21 21:42:26,935 - \u26d4 Not a valid Git repository, skipping: D:\reactjs\nexus-admin
2025-11-21 21:42:26,965 - 
\u27a1\ufe0f Checking repository: D:\Bitnami\wampstack-5.6.40-1\apache2\htdocs\allishan\Allishan
2025-11-21 21:42:27,005 - \u26d4 Not a valid Git repository, skipping: D:\Bitnami\wampstack-5.6.40-1\apache2\htdocs\allishan\Allishan
2025-11-21 21:42:27,377 - 
\u27a1\ufe0f Checking repository: D:\Bitnami\wampstack-5.6.40-1\apache2\htdocs\api
2025-11-21 21:42:27,418 - \u26d4 Not a valid Git repository, skipping: D:\Bitnami\wampstack-5.6.40-1\apache2\htdocs\api
2025-11-21 21:42:27,493 - 
\u27a1\ufe0f Checking repository: D:\Bitnami\wampstack-5.6.40-1\apache2\htdocs\EcomAPI
2025-11-21 21:42:27,533 - \u26d4 Not a valid Git repository, skipping: D:\Bitnami\wampstack-5.6.40-1\apache2\htdocs\EcomAPI
2025-11-21 21:42:27,534 - 
\u27a1\ufe0f Checking repository: D:\Bitnami\wampstack-5.6.40-1\apache2\htdocs\enlite\enlite\enlite
2025-11-21 21:42:27,569 - \u26d4 Not a valid Git repository, skipping: D:\Bitnami\wampstack-5.6.40-1\apache2\htdocs\enlite\enlite\enlite
2025-11-21 21:42:27,603 - 
\u27a1\ufe0f Checking repository: D:\Bitnami\wampstack-5.6.40-1\apache2\htdocs\filemanager-admin
2025-11-21 21:42:27,643 - \u26d4 Not a valid Git repository, skipping: D:\Bitnami\wampstack-5.6.40-1\apache2\htdocs\filemanager-admin
2025-11-21 21:42:28,045 - 
\u27a1\ufe0f Checking repository: D:\HMS - Kolkata1
2025-11-21 21:42:28,083 - \u26d4 Not a valid Git repository, skipping: D:\HMS - Kolkata1
2025-11-21 21:42:28,399 - 
\u27a1\ufe0f Checking repository: D:\EnLite\EnliteFinal
2025-11-21 21:42:28,948 - \u26d4 Not a valid Git repository, skipping: D:\EnLite\EnliteFinal
2025-11-21 21:42:28,949 - 
\u27a1\ufe0f Checking repository: D:\EnLite\Enlite
2025-11-21 21:42:28,988 - \u26d4 Not a valid Git repository, skipping: D:\EnLite\Enlite
2025-11-21 21:42:28,989 - 
\u27a1\ufe0f Checking repository: D:\EnLite\websync
2025-11-21 21:42:29,024 - \u26d4 Not a valid Git repository, skipping: D:\EnLite\websync
2025-11-21 21:42:29,603 - 
\u27a1\ufe0f Checking repository: D:\androidprjs\Actronix
2025-11-21 21:42:29,641 - \u26d4 Not a valid Git repository, skipping: D:\androidprjs\Actronix
2025-11-21 21:42:29,784 - 
\u27a1\ufe0f Checking repository: D:\androidprjs\NexusTrack
2025-11-21 21:42:29,823 - \u26d4 Not a valid Git repository, skipping: D:\androidprjs\NexusTrack
2025-11-21 21:42:29,977 - 
\u27a1\ufe0f Checking repository: D:\Visual-Studio-Projects\ctkartsync
2025-11-21 21:42:30,015 - \u26d4 Not a valid Git repository, skipping: D:\Visual-Studio-Projects\ctkartsync
2025-11-21 21:42:30,036 - 
\u27a1\ufe0f Checking repository: D:\Visual-Studio-Projects\EnliteApiServer\AccessApiServer
2025-11-21 21:42:30,075 - \u26d4 Not a valid Git repository, skipping: D:\Visual-Studio-Projects\EnliteApiServer\AccessApiServer
2025-11-21 21:42:30,076 - 
\u27a1\ufe0f Checking repository: D:\Visual-Studio-Projects\Face-Detection
2025-11-21 21:42:30,115 - \u26d4 Not a valid Git repository, skipping: D:\Visual-Studio-Projects\Face-Detection
2025-11-21 21:42:30,116 - 
\u27a1\ufe0f Checking repository: D:\Visual-Studio-Projects\Face-Detection2
2025-11-21 21:42:30,151 - \u26d4 Not a valid Git repository, skipping: D:\Visual-Studio-Projects\Face-Detection2
2025-11-21 21:42:30,312 - 
\u27a1\ufe0f Checking repository: D:\Visual-Studio-Projects\kutuprojects\FaceRecognition
2025-11-21 21:42:30,351 - \u26d4 Not a valid Git repository, skipping: D:\Visual-Studio-Projects\kutuprojects\FaceRecognition
2025-11-21 21:42:30,460 - 
\u27a1\ufe0f Checking repository: D:\Visual-Studio-Projects\WpfCameraAForge
2025-11-21 21:42:30,494 - \u26d4 Not a valid Git repository, skipping: D:\Visual-Studio-Projects\WpfCameraAForge
2025-11-21 21:42:30,569 - 
\u27a1\ufe0f Checking repository: D:\python\gstRPA\simple-captcha-solver
2025-11-21 21:42:30,605 - \u26d4 Not a valid Git repository, skipping: D:\python\gstRPA\simple-captcha-solver
2025-11-21 21:42:30,606 - 
\u27a1\ufe0f Checking repository: D:\python\ocr_invoice_pipeline
2025-11-21 21:42:30,643 - \u26d4 Not a valid Git repository, skipping: D:\python\ocr_invoice_pipeline
2025-11-21 21:42:30,710 - 
\u27a1\ufe0f Checking repository: D:\python\webcamview
2025-11-21 21:42:30,748 - \u26d4 Not a valid Git repository, skipping: D:\python\webcamview
2025-11-21 21:42:30,750 - 
\u27a1\ufe0f Checking repository: D:\python\huging-face\model\surreal-ai-generator
2025-11-21 21:42:30,828 - \u2713 No changes found
2025-11-21 21:42:30,830 - 
\u27a1\ufe0f Checking repository: D:\electron\nexus-admin
2025-11-21 21:42:30,866 - \u26d4 Not a valid Git repository, skipping: D:\electron\nexus-admin
2025-11-21 21:42:32,348 - 
\U0001f50d Scanning drive: F:\
2025-11-21 21:42:32,818 - 
\U0001f50d Scanning drive: I:\
2025-11-21 21:42:32,823 - 
\u27a1\ufe0f Checking repository: I:\desktop_D-drive(ssd)\AdityaA1\A1SECURITY\abco
2025-11-21 21:42:32,862 - \u26d4 Not a valid Git repository, skipping: I:\desktop_D-drive(ssd)\AdityaA1\A1SECURITY\abco
2025-11-21 21:42:32,866 - 
\u27a1\ufe0f Checking repository: I:\desktop_D-drive(ssd)\AdityaA1\A1SecurityOnline
2025-11-21 21:42:32,904 - \u26d4 Not a valid Git repository, skipping: I:\desktop_D-drive(ssd)\AdityaA1\A1SecurityOnline
2025-11-21 21:42:32,904 - 
\u27a1\ufe0f Checking repository: I:\desktop_D-drive(ssd)\AdityaA1\A1SecurityOnline - Copy
2025-11-21 21:42:32,941 - \u26d4 Not a valid Git repository, skipping: I:\desktop_D-drive(ssd)\AdityaA1\A1SecurityOnline - Copy
2025-11-21 21:42:32,944 - 
\u27a1\ufe0f Checking repository: I:\desktop_D-drive(ssd)\Allishan
2025-11-21 21:42:32,982 - \u26d4 Not a valid Git repository, skipping: I:\desktop_D-drive(ssd)\Allishan
2025-11-21 21:42:33,605 - 
\u27a1\ufe0f Checking repository: I:\desktop_D-drive(ssd)\consornac\api\vendor\maatwebsite\excel
2025-11-21 21:42:33,641 - \u26d4 Not a valid Git repository, skipping: I:\desktop_D-drive(ssd)\consornac\api\vendor\maatwebsite\excel
2025-11-21 21:42:33,658 - 
\u27a1\ufe0f Checking repository: I:\desktop_D-drive(ssd)\consornac\api\vendor\phpoffice\phpexcel
2025-11-21 21:42:33,696 - \u26d4 Not a valid Git repository, skipping: I:\desktop_D-drive(ssd)\consornac\api\vendor\phpoffice\phpexcel
2025-11-21 21:42:35,151 - 
\u27a1\ufe0f Checking repository: I:\desktop_D-drive(ssd)\webapps\allishan\Allishan
2025-11-21 21:42:35,187 - \u26d4 Not a valid Git repository, skipping: I:\desktop_D-drive(ssd)\webapps\allishan\Allishan
2025-11-21 21:42:35,200 - 
\u27a1\ufe0f Checking repository: I:\desktop_D-drive(ssd)\webapps\api
2025-11-21 21:42:35,236 - \u26d4 Not a valid Git repository, skipping: I:\desktop_D-drive(ssd)\webapps\api
2025-11-21 21:42:35,300 - 
\u27a1\ufe0f Checking repository: I:\desktop_D-drive(ssd)\webapps\EcomAPI
2025-11-21 21:42:35,336 - \u26d4 Not a valid Git repository, skipping: I:\desktop_D-drive(ssd)\webapps\EcomAPI
2025-11-21 21:42:35,337 - 
\u27a1\ufe0f Checking repository: I:\desktop_D-drive(ssd)\webapps\enlite\enlite\enlite
2025-11-21 21:42:35,372 - \u26d4 Not a valid Git repository, skipping: I:\desktop_D-drive(ssd)\webapps\enlite\enlite\enlite
2025-11-21 21:42:35,574 - 
\u27a1\ufe0f Checking repository: I:\desktop_D-drive(ssd)\Visual-Studio-Projects\ctkartsync
2025-11-21 21:42:35,611 - \u26d4 Not a valid Git repository, skipping: I:\desktop_D-drive(ssd)\Visual-Studio-Projects\ctkartsync
2025-11-21 21:42:35,632 - 
\u27a1\ufe0f Checking repository: I:\desktop_D-drive(ssd)\Visual-Studio-Projects\EnliteApiServer\AccessApiServer
2025-11-21 21:42:35,671 - \u26d4 Not a valid Git repository, skipping: I:\desktop_D-drive(ssd)\Visual-Studio-Projects\EnliteApiServer\AccessApiServer
2025-11-21 21:42:35,671 - 
\u27a1\ufe0f Checking repository: I:\desktop_D-drive(ssd)\Visual-Studio-Projects\Face-Detection
2025-11-21 21:42:35,708 - \u26d4 Not a valid Git repository, skipping: I:\desktop_D-drive(ssd)\Visual-Studio-Projects\Face-Detection
2025-11-21 21:42:35,709 - 
\u27a1\ufe0f Checking repository: I:\desktop_D-drive(ssd)\Visual-Studio-Projects\Face-Detection2
2025-11-21 21:42:35,744 - \u26d4 Not a valid Git repository, skipping: I:\desktop_D-drive(ssd)\Visual-Studio-Projects\Face-Detection2
2025-11-21 21:42:35,909 - 
\u27a1\ufe0f Checking repository: I:\desktop_D-drive(ssd)\Visual-Studio-Projects\kutuprojects\FaceRecognition
2025-11-21 21:42:35,946 - \u26d4 Not a valid Git repository, skipping: I:\desktop_D-drive(ssd)\Visual-Studio-Projects\kutuprojects\FaceRecognition
2025-11-21 21:42:36,060 - 
\u27a1\ufe0f Checking repository: I:\desktop_D-drive(ssd)\Visual-Studio-Projects\WpfCameraAForge
2025-11-21 21:42:36,096 - \u26d4 Not a valid Git repository, skipping: I:\desktop_D-drive(ssd)\Visual-Studio-Projects\WpfCameraAForge
2025-11-21 21:42:36,101 - 
\u27a1\ufe0f Checking repository: I:\desktop_D-drive(ssd)\Enlite\Enlite
2025-11-21 21:42:36,136 - \u26d4 Not a valid Git repository, skipping: I:\desktop_D-drive(ssd)\Enlite\Enlite
2025-11-21 21:42:36,137 - 
\u27a1\ufe0f Checking repository: I:\desktop_D-drive(ssd)\Enlite\websync
2025-11-21 21:42:36,174 - \u26d4 Not a valid Git repository, skipping: I:\desktop_D-drive(ssd)\Enlite\websync
2025-11-21 21:42:36,192 - 
\u27a1\ufe0f Checking repository: I:\desktop_D-drive(ssd)\HMS - Kolkata1
2025-11-21 21:42:36,228 - \u26d4 Not a valid Git repository, skipping: I:\desktop_D-drive(ssd)\HMS - Kolkata1
2025-11-21 21:42:36,274 - 
\u27a1\ufe0f Checking repository: I:\desktop_D-drive(ssd)\python\gstRPA\simple-captcha-solver
2025-11-21 21:42:36,311 - \u26d4 Not a valid Git repository, skipping: I:\desktop_D-drive(ssd)\python\gstRPA\simple-captcha-solver
2025-11-21 21:42:36,312 - 
\u27a1\ufe0f Checking repository: I:\desktop_D-drive(ssd)\python\ocr_invoice_pipeline
2025-11-21 21:42:36,349 - \u26d4 Not a valid Git repository, skipping: I:\desktop_D-drive(ssd)\python\ocr_invoice_pipeline
2025-11-21 21:42:36,418 - 
\u27a1\ufe0f Checking repository: I:\desktop_D-drive(ssd)\python\webcamview
2025-11-21 21:42:36,454 - \u26d4 Not a valid Git repository, skipping: I:\desktop_D-drive(ssd)\python\webcamview
2025-11-21 21:42:39,401 - 
\u27a1\ufe0f Checking repository: I:\pythonprj\testprgs\inv-olmocr-api
2025-11-21 21:42:39,486 - \u2713 No changes found
2025-11-21 21:42:40,392 - 
\u27a1\ufe0f Checking repository: I:\pythonprj\gitautopush
2025-11-21 21:42:40,432 - \u26d4 Not a valid Git repository, skipping: I:\pythonprj\gitautopush
2025-11-21 21:42:40,451 - 
\u27a1\ufe0f Checking repository: I:\documents\NetBeansProjects\patholab
2025-11-21 21:42:40,489 - \u26d4 Not a valid Git repository, skipping: I:\documents\NetBeansProjects\patholab
2025-11-21 21:42:40,496 - 
\u27a1\ufe0f Checking repository: I:\electron\employ-track-map-view
2025-11-21 21:42:40,535 - \u26d4 Not a valid Git repository, skipping: I:\electron\employ-track-map-view
2025-11-21 21:42:41,062 - 
\U0001f50d Scanning drive: J:\
2025-11-21 21:42:41,380 - 
\u27a1\ufe0f Checking repository: J:\restored\SpeedRecovery\01 New Volume (H ) Normal files  (1175711 files)\found.000\dir0155.chk\EnliteFinal
2025-11-21 21:42:41,419 - \u26d4 Not a valid Git repository, skipping: J:\restored\SpeedRecovery\01 New Volume (H ) Normal files  (1175711 files)\found.000\dir0155.chk\EnliteFinal
2025-11-21 21:42:41,426 - 
\u27a1\ufe0f Checking repository: J:\restored\SpeedRecovery\01 New Volume (H ) Normal files  (1175711 files)\found.000\dir0155.chk\EnliteFinal-docker
2025-11-21 21:42:41,470 - \u26d4 Not a valid Git repository, skipping: J:\restored\SpeedRecovery\01 New Volume (H ) Normal files  (1175711 files)\found.000\dir0155.chk\EnliteFinal-docker
2025-11-21 21:42:41,651 - 
\u27a1\ufe0f Checking repository: J:\webapps\api
2025-11-21 21:42:41,689 - \u26d4 Not a valid Git repository, skipping: J:\webapps\api
2025-11-21 21:42:41,756 - 
\u27a1\ufe0f Checking repository: J:\webapps\EcomAPI
2025-11-21 21:42:41,791 - \u26d4 Not a valid Git repository, skipping: J:\webapps\EcomAPI
2025-11-21 21:42:41,792 - 
\u27a1\ufe0f Checking repository: J:\webapps\enlite\enlite\enlite
2025-11-21 21:42:41,831 - \u26d4 Not a valid Git repository, skipping: J:\webapps\enlite\enlite\enlite
2025-11-21 21:42:41,929 - 
==============================
2025-11-21 21:42:41,929 - \U0001f3c1 Completed scanning all drives

2025-11-21 21:42:41,929 - ==============================

2025-11-21 22:01:11,577 - ===== Windows Git Auto Push Started =====
2025-11-21 22:01:11,577 - === Showing Git Configuration ===
2025-11-21 22:01:11,613 - --- Global Git Config ---
2025-11-21 22:01:11,613 - user.email=acharyaabinash.1973@gmail.com
user.name=Abinash Acharya
filter.lfs.required=true
filter.lfs.clean=git-lfs clean -- %f
filter.lfs.smudge=git-lfs smudge -- %f
filter.lfs.process=git-lfs filter-process
core.editor="C:\Users\ABINASH\AppData\Local\Programs\Microsoft VS Code Insiders\bin\code-insiders" --wait
credential.https://huggingface.co.provider=generic
safe.directory=D:/python/huging-face/model/surreal-ai-generator
safe.directory=I:/pythonprj/testprgs/inv-olmocr-api
safe.directory=I:/pythonprj/gitautopush
2025-11-21 22:01:11,648 - --- System Git Config ---
2025-11-21 22:01:11,648 - diff.astextplain.textconv=astextplain
filter.lfs.clean=git-lfs clean -- %f
filter.lfs.smudge=git-lfs smudge -- %f
filter.lfs.process=git-lfs filter-process
filter.lfs.required=true
http.sslbackend=openssl
http.sslcainfo=C:/Program Files/Git/mingw64/etc/ssl/certs/ca-bundle.crt
core.autocrlf=true
core.fscache=true
core.symlinks=true
pull.rebase=false
credential.helper=manager
credential.https://dev.azure.com.usehttppath=true
init.defaultbranch=master
2025-11-21 22:01:11,684 - --- Local Git Config (may fail if no repo) ---
2025-11-21 22:01:12,039 - core.repositoryformatversion=0
core.filemode=false
core.bare=false
core.logallrefupdates=true
core.symlinks=false
core.ignorecase=true
remote.origin.url=https://github.com/AbinashAcharya1973/autopush.git
remote.origin.fetch=+refs/heads/*:refs/remotes/origin/*
branch.main.remote=origin
branch.main.merge=refs/heads/main
2025-11-21 22:01:12,039 - === End Git Configuration ===

2025-11-21 22:01:12,039 - \U0001f50d Scanning drive: D:\
2025-11-21 22:01:12,041 - \u2192 Checking repo: D:\reactjs\nexus-admin
2025-11-21 22:01:12,080 - \u2718 Invalid or missing remote in D:\reactjs\nexus-admin. Skipping.
2025-11-21 22:01:12,107 - \u2192 Checking repo: D:\Bitnami\wampstack-5.6.40-1\apache2\htdocs\allishan\Allishan
2025-11-21 22:01:12,144 - \u2718 Invalid or missing remote in D:\Bitnami\wampstack-5.6.40-1\apache2\htdocs\allishan\Allishan. Skipping.
2025-11-21 22:01:12,157 - \u2192 Checking repo: D:\Bitnami\wampstack-5.6.40-1\apache2\htdocs\api
2025-11-21 22:01:12,191 - \u2718 Invalid or missing remote in D:\Bitnami\wampstack-5.6.40-1\apache2\htdocs\api. Skipping.
2025-11-21 22:01:12,254 - \u2192 Checking repo: D:\Bitnami\wampstack-5.6.40-1\apache2\htdocs\EcomAPI
2025-11-21 22:01:12,290 - \u2718 Invalid or missing remote in D:\Bitnami\wampstack-5.6.40-1\apache2\htdocs\EcomAPI. Skipping.
2025-11-21 22:01:12,291 - \u2192 Checking repo: D:\Bitnami\wampstack-5.6.40-1\apache2\htdocs\enlite\enlite\enlite
2025-11-21 22:01:12,329 - \u2718 Invalid or missing remote in D:\Bitnami\wampstack-5.6.40-1\apache2\htdocs\enlite\enlite\enlite. Skipping.
2025-11-21 22:01:12,356 - \u2192 Checking repo: D:\Bitnami\wampstack-5.6.40-1\apache2\htdocs\filemanager-admin
2025-11-21 22:01:12,389 - \u2718 Invalid or missing remote in D:\Bitnami\wampstack-5.6.40-1\apache2\htdocs\filemanager-admin. Skipping.
2025-11-21 22:01:12,775 - \u2192 Checking repo: D:\HMS - Kolkata1
2025-11-21 22:01:12,818 - \u2718 Invalid or missing remote in D:\HMS - Kolkata1. Skipping.
2025-11-21 22:01:13,151 - \u2192 Checking repo: D:\EnLite\EnliteFinal
2025-11-21 22:01:13,188 - \u2718 Invalid or missing remote in D:\EnLite\EnliteFinal. Skipping.
2025-11-21 22:01:13,188 - \u2192 Checking repo: D:\EnLite\Enlite
2025-11-21 22:01:13,224 - \u2718 Invalid or missing remote in D:\EnLite\Enlite. Skipping.
2025-11-21 22:01:13,225 - \u2192 Checking repo: D:\EnLite\websync
2025-11-21 22:01:13,260 - \u2718 Invalid or missing remote in D:\EnLite\websync. Skipping.
2025-11-21 22:01:13,846 - \u2192 Checking repo: D:\androidprjs\Actronix
2025-11-21 22:01:13,882 - \u2718 Invalid or missing remote in D:\androidprjs\Actronix. Skipping.
2025-11-21 22:01:14,023 - \u2192 Checking repo: D:\androidprjs\NexusTrack
2025-11-21 22:01:14,058 - \u2718 Invalid or missing remote in D:\androidprjs\NexusTrack. Skipping.
2025-11-21 22:01:14,211 - \u2192 Checking repo: D:\Visual-Studio-Projects\ctkartsync
2025-11-21 22:01:14,245 - \u2718 Invalid or missing remote in D:\Visual-Studio-Projects\ctkartsync. Skipping.
2025-11-21 22:01:14,265 - \u2192 Checking repo: D:\Visual-Studio-Projects\EnliteApiServer\AccessApiServer
2025-11-21 22:01:14,300 - \u2718 Invalid or missing remote in D:\Visual-Studio-Projects\EnliteApiServer\AccessApiServer. Skipping.
2025-11-21 22:01:14,300 - \u2192 Checking repo: D:\Visual-Studio-Projects\Face-Detection
2025-11-21 22:01:14,334 - \u2718 Invalid or missing remote in D:\Visual-Studio-Projects\Face-Detection. Skipping.
2025-11-21 22:01:14,334 - \u2192 Checking repo: D:\Visual-Studio-Projects\Face-Detection2
2025-11-21 22:01:14,368 - \u2718 Invalid or missing remote in D:\Visual-Studio-Projects\Face-Detection2. Skipping.
2025-11-21 22:01:14,527 - \u2192 Checking repo: D:\Visual-Studio-Projects\kutuprojects\FaceRecognition
2025-11-21 22:01:14,563 - \u2718 Invalid or missing remote in D:\Visual-Studio-Projects\kutuprojects\FaceRecognition. Skipping.
2025-11-21 22:01:14,668 - \u2192 Checking repo: D:\Visual-Studio-Projects\WpfCameraAForge
2025-11-21 22:01:14,703 - \u2718 Invalid or missing remote in D:\Visual-Studio-Projects\WpfCameraAForge. Skipping.
2025-11-21 22:01:14,774 - \u2192 Checking repo: D:\python\gstRPA\simple-captcha-solver
2025-11-21 22:01:14,810 - \u2718 Invalid or missing remote in D:\python\gstRPA\simple-captcha-solver. Skipping.
2025-11-21 22:01:14,810 - \u2192 Checking repo: D:\python\ocr_invoice_pipeline
2025-11-21 22:01:14,844 - \u2718 Invalid or missing remote in D:\python\ocr_invoice_pipeline. Skipping.
2025-11-21 22:01:14,906 - \u2192 Checking repo: D:\python\webcamview
2025-11-21 22:01:14,939 - \u2718 Invalid or missing remote in D:\python\webcamview. Skipping.
2025-11-21 22:01:14,941 - \u2192 Checking repo: D:\python\huging-face\model\surreal-ai-generator
2025-11-21 22:01:15,016 - \u2713 No changes in D:\python\huging-face\model\surreal-ai-generator
2025-11-21 22:01:15,018 - \u2192 Checking repo: D:\electron\nexus-admin
2025-11-21 22:01:15,052 - \u2718 Invalid or missing remote in D:\electron\nexus-admin. Skipping.
2025-11-21 22:01:16,523 - \U0001f50d Scanning drive: F:\
2025-11-21 22:01:17,002 - \U0001f50d Scanning drive: I:\
2025-11-21 22:01:17,006 - \u2192 Checking repo: I:\desktop_D-drive(ssd)\AdityaA1\A1SECURITY\abco
2025-11-21 22:01:17,043 - \u2718 Invalid or missing remote in I:\desktop_D-drive(ssd)\AdityaA1\A1SECURITY\abco. Skipping.
2025-11-21 22:01:17,046 - \u2192 Checking repo: I:\desktop_D-drive(ssd)\AdityaA1\A1SecurityOnline
2025-11-21 22:01:17,079 - \u2718 Invalid or missing remote in I:\desktop_D-drive(ssd)\AdityaA1\A1SecurityOnline. Skipping.
2025-11-21 22:01:17,080 - \u2192 Checking repo: I:\desktop_D-drive(ssd)\AdityaA1\A1SecurityOnline - Copy
2025-11-21 22:01:17,114 - \u2718 Invalid or missing remote in I:\desktop_D-drive(ssd)\AdityaA1\A1SecurityOnline - Copy. Skipping.
2025-11-21 22:01:17,116 - \u2192 Checking repo: I:\desktop_D-drive(ssd)\Allishan
2025-11-21 22:01:17,149 - \u2718 Invalid or missing remote in I:\desktop_D-drive(ssd)\Allishan. Skipping.
2025-11-21 22:01:17,785 - \u2192 Checking repo: I:\desktop_D-drive(ssd)\consornac\api\vendor\maatwebsite\excel
2025-11-21 22:01:17,822 - \u2718 Invalid or missing remote in I:\desktop_D-drive(ssd)\consornac\api\vendor\maatwebsite\excel. Skipping.
2025-11-21 22:01:17,839 - \u2192 Checking repo: I:\desktop_D-drive(ssd)\consornac\api\vendor\phpoffice\phpexcel
2025-11-21 22:01:17,876 - \u2718 Invalid or missing remote in I:\desktop_D-drive(ssd)\consornac\api\vendor\phpoffice\phpexcel. Skipping.
2025-11-21 22:01:19,284 - \u2192 Checking repo: I:\desktop_D-drive(ssd)\webapps\allishan\Allishan
2025-11-21 22:01:19,321 - \u2718 Invalid or missing remote in I:\desktop_D-drive(ssd)\webapps\allishan\Allishan. Skipping.
2025-11-21 22:01:19,333 - \u2192 Checking repo: I:\desktop_D-drive(ssd)\webapps\api
2025-11-21 22:01:19,368 - \u2718 Invalid or missing remote in I:\desktop_D-drive(ssd)\webapps\api. Skipping.
2025-11-21 22:01:19,432 - \u2192 Checking repo: I:\desktop_D-drive(ssd)\webapps\EcomAPI
2025-11-21 22:01:19,467 - \u2718 Invalid or missing remote in I:\desktop_D-drive(ssd)\webapps\EcomAPI. Skipping.
2025-11-21 22:01:19,468 - \u2192 Checking repo: I:\desktop_D-drive(ssd)\webapps\enlite\enlite\enlite
2025-11-21 22:01:19,502 - \u2718 Invalid or missing remote in I:\desktop_D-drive(ssd)\webapps\enlite\enlite\enlite. Skipping.
2025-11-21 22:01:19,717 - \u2192 Checking repo: I:\desktop_D-drive(ssd)\Visual-Studio-Projects\ctkartsync
2025-11-21 22:01:19,757 - \u2718 Invalid or missing remote in I:\desktop_D-drive(ssd)\Visual-Studio-Projects\ctkartsync. Skipping.
2025-11-21 22:01:19,778 - \u2192 Checking repo: I:\desktop_D-drive(ssd)\Visual-Studio-Projects\EnliteApiServer\AccessApiServer
2025-11-21 22:01:19,812 - \u2718 Invalid or missing remote in I:\desktop_D-drive(ssd)\Visual-Studio-Projects\EnliteApiServer\AccessApiServer. Skipping.
2025-11-21 22:01:19,812 - \u2192 Checking repo: I:\desktop_D-drive(ssd)\Visual-Studio-Projects\Face-Detection
2025-11-21 22:01:19,846 - \u2718 Invalid or missing remote in I:\desktop_D-drive(ssd)\Visual-Studio-Projects\Face-Detection. Skipping.
2025-11-21 22:01:19,846 - \u2192 Checking repo: I:\desktop_D-drive(ssd)\Visual-Studio-Projects\Face-Detection2
2025-11-21 22:01:19,884 - \u2718 Invalid or missing remote in I:\desktop_D-drive(ssd)\Visual-Studio-Projects\Face-Detection2. Skipping.
2025-11-21 22:01:20,054 - \u2192 Checking repo: I:\desktop_D-drive(ssd)\Visual-Studio-Projects\kutuprojects\FaceRecognition
2025-11-21 22:01:20,091 - \u2718 Invalid or missing remote in I:\desktop_D-drive(ssd)\Visual-Studio-Projects\kutuprojects\FaceRecognition. Skipping.
2025-11-21 22:01:20,202 - \u2192 Checking repo: I:\desktop_D-drive(ssd)\Visual-Studio-Projects\WpfCameraAForge
2025-11-21 22:01:20,237 - \u2718 Invalid or missing remote in I:\desktop_D-drive(ssd)\Visual-Studio-Projects\WpfCameraAForge. Skipping.
2025-11-21 22:01:20,241 - \u2192 Checking repo: I:\desktop_D-drive(ssd)\Enlite\Enlite
2025-11-21 22:01:20,278 - \u2718 Invalid or missing remote in I:\desktop_D-drive(ssd)\Enlite\Enlite. Skipping.
2025-11-21 22:01:20,278 - \u2192 Checking repo: I:\desktop_D-drive(ssd)\Enlite\websync
2025-11-21 22:01:20,314 - \u2718 Invalid or missing remote in I:\desktop_D-drive(ssd)\Enlite\websync. Skipping.
2025-11-21 22:01:20,332 - \u2192 Checking repo: I:\desktop_D-drive(ssd)\HMS - Kolkata1
2025-11-21 22:01:20,367 - \u2718 Invalid or missing remote in I:\desktop_D-drive(ssd)\HMS - Kolkata1. Skipping.
2025-11-21 22:01:20,417 - \u2192 Checking repo: I:\desktop_D-drive(ssd)\python\gstRPA\simple-captcha-solver
2025-11-21 22:01:20,455 - \u2718 Invalid or missing remote in I:\desktop_D-drive(ssd)\python\gstRPA\simple-captcha-solver. Skipping.
2025-11-21 22:01:20,455 - \u2192 Checking repo: I:\desktop_D-drive(ssd)\python\ocr_invoice_pipeline
2025-11-21 22:01:20,488 - \u2718 Invalid or missing remote in I:\desktop_D-drive(ssd)\python\ocr_invoice_pipeline. Skipping.
2025-11-21 22:01:20,551 - \u2192 Checking repo: I:\desktop_D-drive(ssd)\python\webcamview
2025-11-21 22:01:20,584 - \u2718 Invalid or missing remote in I:\desktop_D-drive(ssd)\python\webcamview. Skipping.
2025-11-21 22:01:23,242 - \u2192 Checking repo: I:\pythonprj\testprgs\inv-olmocr-api
2025-11-21 22:01:23,318 - \u2713 No changes in I:\pythonprj\testprgs\inv-olmocr-api
2025-11-21 22:01:24,077 - \u2192 Checking repo: I:\pythonprj\gitautopush
2025-11-21 22:01:26,535 - \u2714 Changes pushed from I:\pythonprj\gitautopush
2025-11-21 22:01:26,553 - \u2192 Checking repo: I:\documents\NetBeansProjects\patholab
2025-11-21 22:01:26,588 - \u2718 Invalid or missing remote in I:\documents\NetBeansProjects\patholab. Skipping.
2025-11-21 22:01:26,593 - \u2192 Checking repo: I:\electron\employ-track-map-view
2025-11-21 22:01:26,628 - \u2718 Invalid or missing remote in I:\electron\employ-track-map-view. Skipping.
2025-11-21 22:01:27,098 - \U0001f50d Scanning drive: J:\
2025-11-21 22:01:27,386 - \u2192 Checking repo: J:\restored\SpeedRecovery\01 New Volume (H ) Normal files  (1175711 files)\found.000\dir0155.chk\EnliteFinal
2025-11-21 22:01:27,421 - \u2718 Invalid or missing remote in J:\restored\SpeedRecovery\01 New Volume (H ) Normal files  (1175711 files)\found.000\dir0155.chk\EnliteFinal. Skipping.
2025-11-21 22:01:27,426 - \u2192 Checking repo: J:\restored\SpeedRecovery\01 New Volume (H ) Normal files  (1175711 files)\found.000\dir0155.chk\EnliteFinal-docker
2025-11-21 22:01:27,461 - \u2718 Invalid or missing remote in J:\restored\SpeedRecovery\01 New Volume (H ) Normal files  (1175711 files)\found.000\dir0155.chk\EnliteFinal-docker. Skipping.
2025-11-21 22:01:27,634 - \u2192 Checking repo: J:\webapps\api
2025-11-21 22:01:27,668 - \u2718 Invalid or missing remote in J:\webapps\api. Skipping.
2025-11-21 22:01:27,733 - \u2192 Checking repo: J:\webapps\EcomAPI
2025-11-21 22:01:27,773 - \u2718 Invalid or missing remote in J:\webapps\EcomAPI. Skipping.
2025-11-21 22:01:27,774 - \u2192 Checking repo: J:\webapps\enlite\enlite\enlite
2025-11-21 22:01:27,814 - \u2718 Invalid or missing remote in J:\webapps\enlite\enlite\enlite. Skipping.
2025-11-21 22:01:27,912 - ===== Execution Completed =====

2025-11-21 22:01:58,636 - 
==============================
2025-11-21 22:01:58,636 - \U0001f680 Starting Windows Git Auto Push
2025-11-21 22:01:58,637 - ==============================
2025-11-21 22:01:58,637 - 
\U0001f50d Scanning drive: D:\
2025-11-21 22:01:58,639 - 
\u27a1\ufe0f Checking repository: D:\reactjs\nexus-admin
2025-11-21 22:01:58,677 - \u26d4 Not a valid Git repository, skipping: D:\reactjs\nexus-admin
2025-11-21 22:01:58,705 - 
\u27a1\ufe0f Checking repository: D:\Bitnami\wampstack-5.6.40-1\apache2\htdocs\allishan\Allishan
2025-11-21 22:01:58,743 - \u26d4 Not a valid Git repository, skipping: D:\Bitnami\wampstack-5.6.40-1\apache2\htdocs\allishan\Allishan
2025-11-21 22:01:59,121 - 
\u27a1\ufe0f Checking repository: D:\Bitnami\wampstack-5.6.40-1\apache2\htdocs\api
2025-11-21 22:01:59,160 - \u26d4 Not a valid Git repository, skipping: D:\Bitnami\wampstack-5.6.40-1\apache2\htdocs\api
2025-11-21 22:01:59,230 - 
\u27a1\ufe0f Checking repository: D:\Bitnami\wampstack-5.6.40-1\apache2\htdocs\EcomAPI
2025-11-21 22:01:59,267 - \u26d4 Not a valid Git repository, skipping: D:\Bitnami\wampstack-5.6.40-1\apache2\htdocs\EcomAPI
2025-11-21 22:01:59,269 - 
\u27a1\ufe0f Checking repository: D:\Bitnami\wampstack-5.6.40-1\apache2\htdocs\enlite\enlite\enlite
2025-11-21 22:01:59,306 - \u26d4 Not a valid Git repository, skipping: D:\Bitnami\wampstack-5.6.40-1\apache2\htdocs\enlite\enlite\enlite
2025-11-21 22:01:59,336 - 
\u27a1\ufe0f Checking repository: D:\Bitnami\wampstack-5.6.40-1\apache2\htdocs\filemanager-admin
2025-11-21 22:01:59,374 - \u26d4 Not a valid Git repository, skipping: D:\Bitnami\wampstack-5.6.40-1\apache2\htdocs\filemanager-admin
2025-11-21 22:01:59,740 - 
\u27a1\ufe0f Checking repository: D:\HMS - Kolkata1
2025-11-21 22:01:59,800 - \u26d4 Not a valid Git repository, skipping: D:\HMS - Kolkata1
2025-11-21 22:02:00,143 - 
\u27a1\ufe0f Checking repository: D:\EnLite\EnliteFinal
2025-11-21 22:02:00,181 - \u26d4 Not a valid Git repository, skipping: D:\EnLite\EnliteFinal
2025-11-21 22:02:00,183 - 
\u27a1\ufe0f Checking repository: D:\EnLite\Enlite
2025-11-21 22:02:00,223 - \u26d4 Not a valid Git repository, skipping: D:\EnLite\Enlite
2025-11-21 22:02:00,225 - 
\u27a1\ufe0f Checking repository: D:\EnLite\websync
2025-11-21 22:02:00,264 - \u26d4 Not a valid Git repository, skipping: D:\EnLite\websync
2025-11-21 22:02:00,855 - 
\u27a1\ufe0f Checking repository: D:\androidprjs\Actronix
2025-11-21 22:02:00,895 - \u26d4 Not a valid Git repository, skipping: D:\androidprjs\Actronix
2025-11-21 22:02:01,039 - 
\u27a1\ufe0f Checking repository: D:\androidprjs\NexusTrack
2025-11-21 22:02:01,078 - \u26d4 Not a valid Git repository, skipping: D:\androidprjs\NexusTrack
2025-11-21 22:02:01,237 - 
\u27a1\ufe0f Checking repository: D:\Visual-Studio-Projects\ctkartsync
2025-11-21 22:02:01,275 - \u26d4 Not a valid Git repository, skipping: D:\Visual-Studio-Projects\ctkartsync
2025-11-21 22:02:01,297 - 
\u27a1\ufe0f Checking repository: D:\Visual-Studio-Projects\EnliteApiServer\AccessApiServer
2025-11-21 22:02:01,336 - \u26d4 Not a valid Git repository, skipping: D:\Visual-Studio-Projects\EnliteApiServer\AccessApiServer
2025-11-21 22:02:01,337 - 
\u27a1\ufe0f Checking repository: D:\Visual-Studio-Projects\Face-Detection
2025-11-21 22:02:01,411 - \u26d4 Not a valid Git repository, skipping: D:\Visual-Studio-Projects\Face-Detection
2025-11-21 22:02:01,411 - 
\u27a1\ufe0f Checking repository: D:\Visual-Studio-Projects\Face-Detection2
2025-11-21 22:02:01,457 - \u26d4 Not a valid Git repository, skipping: D:\Visual-Studio-Projects\Face-Detection2
2025-11-21 22:02:01,624 - 
\u27a1\ufe0f Checking repository: D:\Visual-Studio-Projects\kutuprojects\FaceRecognition
2025-11-21 22:02:01,661 - \u26d4 Not a valid Git repository, skipping: D:\Visual-Studio-Projects\kutuprojects\FaceRecognition
2025-11-21 22:02:01,775 - 
\u27a1\ufe0f Checking repository: D:\Visual-Studio-Projects\WpfCameraAForge
2025-11-21 22:02:01,813 - \u26d4 Not a valid Git repository, skipping: D:\Visual-Studio-Projects\WpfCameraAForge
2025-11-21 22:02:01,894 - 
\u27a1\ufe0f Checking repository: D:\python\gstRPA\simple-captcha-solver
2025-11-21 22:02:01,931 - \u26d4 Not a valid Git repository, skipping: D:\python\gstRPA\simple-captcha-solver
2025-11-21 22:02:01,931 - 
\u27a1\ufe0f Checking repository: D:\python\ocr_invoice_pipeline
2025-11-21 22:02:01,970 - \u26d4 Not a valid Git repository, skipping: D:\python\ocr_invoice_pipeline
2025-11-21 22:02:02,040 - 
\u27a1\ufe0f Checking repository: D:\python\webcamview
2025-11-21 22:02:02,075 - \u26d4 Not a valid Git repository, skipping: D:\python\webcamview
2025-11-21 22:02:02,078 - 
\u27a1\ufe0f Checking repository: D:\python\huging-face\model\surreal-ai-generator
2025-11-21 22:02:02,157 - \u2713 No changes found
2025-11-21 22:02:02,159 - 
\u27a1\ufe0f Checking repository: D:\electron\nexus-admin
2025-11-21 22:02:02,197 - \u26d4 Not a valid Git repository, skipping: D:\electron\nexus-admin
2025-11-21 22:02:03,679 - 
\U0001f50d Scanning drive: F:\
2025-11-21 22:02:04,147 - 
\U0001f50d Scanning drive: I:\
2025-11-21 22:02:04,152 - 
\u27a1\ufe0f Checking repository: I:\desktop_D-drive(ssd)\AdityaA1\A1SECURITY\abco
2025-11-21 22:02:04,192 - \u26d4 Not a valid Git repository, skipping: I:\desktop_D-drive(ssd)\AdityaA1\A1SECURITY\abco
2025-11-21 22:02:04,195 - 
\u27a1\ufe0f Checking repository: I:\desktop_D-drive(ssd)\AdityaA1\A1SecurityOnline
2025-11-21 22:02:04,235 - \u26d4 Not a valid Git repository, skipping: I:\desktop_D-drive(ssd)\AdityaA1\A1SecurityOnline
2025-11-21 22:02:04,236 - 
\u27a1\ufe0f Checking repository: I:\desktop_D-drive(ssd)\AdityaA1\A1SecurityOnline - Copy
2025-11-21 22:02:04,273 - \u26d4 Not a valid Git repository, skipping: I:\desktop_D-drive(ssd)\AdityaA1\A1SecurityOnline - Copy
2025-11-21 22:02:04,275 - 
\u27a1\ufe0f Checking repository: I:\desktop_D-drive(ssd)\Allishan
2025-11-21 22:02:04,314 - \u26d4 Not a valid Git repository, skipping: I:\desktop_D-drive(ssd)\Allishan
2025-11-21 22:02:04,958 - 
\u27a1\ufe0f Checking repository: I:\desktop_D-drive(ssd)\consornac\api\vendor\maatwebsite\excel
2025-11-21 22:02:04,999 - \u26d4 Not a valid Git repository, skipping: I:\desktop_D-drive(ssd)\consornac\api\vendor\maatwebsite\excel
2025-11-21 22:02:05,017 - 
\u27a1\ufe0f Checking repository: I:\desktop_D-drive(ssd)\consornac\api\vendor\phpoffice\phpexcel
2025-11-21 22:02:05,056 - \u26d4 Not a valid Git repository, skipping: I:\desktop_D-drive(ssd)\consornac\api\vendor\phpoffice\phpexcel
2025-11-21 22:02:06,485 - 
\u27a1\ufe0f Checking repository: I:\desktop_D-drive(ssd)\webapps\allishan\Allishan
2025-11-21 22:02:06,524 - \u26d4 Not a valid Git repository, skipping: I:\desktop_D-drive(ssd)\webapps\allishan\Allishan
2025-11-21 22:02:06,538 - 
\u27a1\ufe0f Checking repository: I:\desktop_D-drive(ssd)\webapps\api
2025-11-21 22:02:06,576 - \u26d4 Not a valid Git repository, skipping: I:\desktop_D-drive(ssd)\webapps\api
2025-11-21 22:02:06,646 - 
\u27a1\ufe0f Checking repository: I:\desktop_D-drive(ssd)\webapps\EcomAPI
2025-11-21 22:02:06,684 - \u26d4 Not a valid Git repository, skipping: I:\desktop_D-drive(ssd)\webapps\EcomAPI
2025-11-21 22:02:06,685 - 
\u27a1\ufe0f Checking repository: I:\desktop_D-drive(ssd)\webapps\enlite\enlite\enlite
2025-11-21 22:02:06,722 - \u26d4 Not a valid Git repository, skipping: I:\desktop_D-drive(ssd)\webapps\enlite\enlite\enlite
2025-11-21 22:02:06,927 - 
\u27a1\ufe0f Checking repository: I:\desktop_D-drive(ssd)\Visual-Studio-Projects\ctkartsync
2025-11-21 22:02:06,966 - \u26d4 Not a valid Git repository, skipping: I:\desktop_D-drive(ssd)\Visual-Studio-Projects\ctkartsync
2025-11-21 22:02:06,988 - 
\u27a1\ufe0f Checking repository: I:\desktop_D-drive(ssd)\Visual-Studio-Projects\EnliteApiServer\AccessApiServer
2025-11-21 22:02:07,030 - \u26d4 Not a valid Git repository, skipping: I:\desktop_D-drive(ssd)\Visual-Studio-Projects\EnliteApiServer\AccessApiServer
2025-11-21 22:02:07,030 - 
\u27a1\ufe0f Checking repository: I:\desktop_D-drive(ssd)\Visual-Studio-Projects\Face-Detection
2025-11-21 22:02:07,069 - \u26d4 Not a valid Git repository, skipping: I:\desktop_D-drive(ssd)\Visual-Studio-Projects\Face-Detection
2025-11-21 22:02:07,070 - 
\u27a1\ufe0f Checking repository: I:\desktop_D-drive(ssd)\Visual-Studio-Projects\Face-Detection2
2025-11-21 22:02:07,107 - \u26d4 Not a valid Git repository, skipping: I:\desktop_D-drive(ssd)\Visual-Studio-Projects\Face-Detection2
2025-11-21 22:02:07,273 - 
\u27a1\ufe0f Checking repository: I:\desktop_D-drive(ssd)\Visual-Studio-Projects\kutuprojects\FaceRecognition
2025-11-21 22:02:07,312 - \u26d4 Not a valid Git repository, skipping: I:\desktop_D-drive(ssd)\Visual-Studio-Projects\kutuprojects\FaceRecognition
2025-11-21 22:02:07,423 - 
\u27a1\ufe0f Checking repository: I:\desktop_D-drive(ssd)\Visual-Studio-Projects\WpfCameraAForge
2025-11-21 22:02:07,460 - \u26d4 Not a valid Git repository, skipping: I:\desktop_D-drive(ssd)\Visual-Studio-Projects\WpfCameraAForge
2025-11-21 22:02:07,465 - 
\u27a1\ufe0f Checking repository: I:\desktop_D-drive(ssd)\Enlite\Enlite
2025-11-21 22:02:07,505 - \u26d4 Not a valid Git repository, skipping: I:\desktop_D-drive(ssd)\Enlite\Enlite
2025-11-21 22:02:07,506 - 
\u27a1\ufe0f Checking repository: I:\desktop_D-drive(ssd)\Enlite\websync
2025-11-21 22:02:07,545 - \u26d4 Not a valid Git repository, skipping: I:\desktop_D-drive(ssd)\Enlite\websync
2025-11-21 22:02:07,566 - 
\u27a1\ufe0f Checking repository: I:\desktop_D-drive(ssd)\HMS - Kolkata1
2025-11-21 22:02:07,609 - \u26d4 Not a valid Git repository, skipping: I:\desktop_D-drive(ssd)\HMS - Kolkata1
2025-11-21 22:02:07,679 - 
\u27a1\ufe0f Checking repository: I:\desktop_D-drive(ssd)\python\gstRPA\simple-captcha-solver
2025-11-21 22:02:07,723 - \u26d4 Not a valid Git repository, skipping: I:\desktop_D-drive(ssd)\python\gstRPA\simple-captcha-solver
2025-11-21 22:02:07,724 - 
\u27a1\ufe0f Checking repository: I:\desktop_D-drive(ssd)\python\ocr_invoice_pipeline
2025-11-21 22:02:07,761 - \u26d4 Not a valid Git repository, skipping: I:\desktop_D-drive(ssd)\python\ocr_invoice_pipeline
2025-11-21 22:02:07,838 - 
\u27a1\ufe0f Checking repository: I:\desktop_D-drive(ssd)\python\webcamview
2025-11-21 22:02:07,876 - \u26d4 Not a valid Git repository, skipping: I:\desktop_D-drive(ssd)\python\webcamview
2025-11-21 22:02:10,667 - 
\u27a1\ufe0f Checking repository: I:\pythonprj\testprgs\inv-olmocr-api
2025-11-21 22:02:10,749 - \u2713 No changes found
2025-11-21 22:02:11,541 - 
\u27a1\ufe0f Checking repository: I:\pythonprj\gitautopush
2025-11-21 22:02:11,623 - \U0001f4dd Changes found \u2192 committing...
2025-11-21 22:02:12,026 - \U0001f4e4 Pushing to remote...
2025-11-21 22:02:14,161 - \u2714 Successfully pushed changes from: I:\pythonprj\gitautopush
2025-11-21 22:02:14,180 - 
\u27a1\ufe0f Checking repository: I:\documents\NetBeansProjects\patholab
2025-11-21 22:02:14,221 - \u26d4 Not a valid Git repository, skipping: I:\documents\NetBeansProjects\patholab
2025-11-21 22:02:14,226 - 
\u27a1\ufe0f Checking repository: I:\electron\employ-track-map-view
2025-11-21 22:02:14,264 - \u26d4 Not a valid Git repository, skipping: I:\electron\employ-track-map-view
2025-11-21 22:02:14,737 - 
\U0001f50d Scanning drive: J:\
2025-11-21 22:02:15,033 - 
\u27a1\ufe0f Checking repository: J:\restored\SpeedRecovery\01 New Volume (H ) Normal files  (1175711 files)\found.000\dir0155.chk\EnliteFinal
2025-11-21 22:02:15,071 - \u26d4 Not a valid Git repository, skipping: J:\restored\SpeedRecovery\01 New Volume (H ) Normal files  (1175711 files)\found.000\dir0155.chk\EnliteFinal
2025-11-21 22:02:15,077 - 
\u27a1\ufe0f Checking repository: J:\restored\SpeedRecovery\01 New Volume (H ) Normal files  (1175711 files)\found.000\dir0155.chk\EnliteFinal-docker
2025-11-21 22:02:15,121 - \u26d4 Not a valid Git repository, skipping: J:\restored\SpeedRecovery\01 New Volume (H ) Normal files  (1175711 files)\found.000\dir0155.chk\EnliteFinal-docker
2025-11-21 22:02:15,302 - 
\u27a1\ufe0f Checking repository: J:\webapps\api
2025-11-21 22:02:15,341 - \u26d4 Not a valid Git repository, skipping: J:\webapps\api
2025-11-21 22:02:15,412 - 
\u27a1\ufe0f Checking repository: J:\webapps\EcomAPI
2025-11-21 22:02:15,450 - \u26d4 Not a valid Git repository, skipping: J:\webapps\EcomAPI
2025-11-21 22:02:15,452 - 
\u27a1\ufe0f Checking repository: J:\webapps\enlite\enlite\enlite
2025-11-21 22:02:15,492 - \u26d4 Not a valid Git repository, skipping: J:\webapps\enlite\enlite\enlite
2025-11-21 22:02:15,591 - 
==============================
2025-11-21 22:02:15,591 - \U0001f3c1 Completed scanning all drives

2025-11-21 22:02:15,591 - ==============================

2025-11-21 22:10:18,273 - 
==============================
2025-11-21 22:10:18,274 - \U0001f680 Starting Windows Git Auto Push
2025-11-21 22:10:18,274 - ==============================
2025-11-21 22:10:18,274 - 
\U0001f50d Scanning drive: D:\
2025-11-21 22:10:18,276 - 
\u27a1\ufe0f Checking repository: D:\reactjs\nexus-admin
2025-11-21 22:10:18,312 - \u26d4 Not a valid Git repository, skipping: D:\reactjs\nexus-admin
2025-11-21 22:10:18,343 - 
\u27a1\ufe0f Checking repository: D:\Bitnami\wampstack-5.6.40-1\apache2\htdocs\allishan\Allishan
2025-11-21 22:10:18,384 - \u26d4 Not a valid Git repository, skipping: D:\Bitnami\wampstack-5.6.40-1\apache2\htdocs\allishan\Allishan
2025-11-21 22:10:18,750 - 
\u27a1\ufe0f Checking repository: D:\Bitnami\wampstack-5.6.40-1\apache2\htdocs\api
2025-11-21 22:10:18,796 - \u26d4 Not a valid Git repository, skipping: D:\Bitnami\wampstack-5.6.40-1\apache2\htdocs\api
2025-11-21 22:10:18,871 - 
\u27a1\ufe0f Checking repository: D:\Bitnami\wampstack-5.6.40-1\apache2\htdocs\EcomAPI
2025-11-21 22:10:18,912 - \u26d4 Not a valid Git repository, skipping: D:\Bitnami\wampstack-5.6.40-1\apache2\htdocs\EcomAPI
2025-11-21 22:10:18,914 - 
\u27a1\ufe0f Checking repository: D:\Bitnami\wampstack-5.6.40-1\apache2\htdocs\enlite\enlite\enlite
2025-11-21 22:10:18,954 - \u26d4 Not a valid Git repository, skipping: D:\Bitnami\wampstack-5.6.40-1\apache2\htdocs\enlite\enlite\enlite
2025-11-21 22:10:18,984 - 
\u27a1\ufe0f Checking repository: D:\Bitnami\wampstack-5.6.40-1\apache2\htdocs\filemanager-admin
2025-11-21 22:10:19,032 - \u26d4 Not a valid Git repository, skipping: D:\Bitnami\wampstack-5.6.40-1\apache2\htdocs\filemanager-admin
2025-11-21 22:10:19,413 - 
\u27a1\ufe0f Checking repository: D:\HMS - Kolkata1
2025-11-21 22:10:19,459 - \u26d4 Not a valid Git repository, skipping: D:\HMS - Kolkata1
2025-11-21 22:10:19,810 - 
\u27a1\ufe0f Checking repository: D:\EnLite\EnliteFinal
2025-11-21 22:10:19,886 - \u26d4 Not a valid Git repository, skipping: D:\EnLite\EnliteFinal
2025-11-21 22:10:19,888 - 
\u27a1\ufe0f Checking repository: D:\EnLite\Enlite
2025-11-21 22:10:19,936 - \u26d4 Not a valid Git repository, skipping: D:\EnLite\Enlite
2025-11-21 22:10:19,938 - 
\u27a1\ufe0f Checking repository: D:\EnLite\websync
2025-11-21 22:10:19,978 - \u26d4 Not a valid Git repository, skipping: D:\EnLite\websync
2025-11-21 22:10:20,565 - 
\u27a1\ufe0f Checking repository: D:\androidprjs\Actronix
2025-11-21 22:10:20,605 - \u26d4 Not a valid Git repository, skipping: D:\androidprjs\Actronix
2025-11-21 22:10:20,750 - 
\u27a1\ufe0f Checking repository: D:\androidprjs\NexusTrack
2025-11-21 22:10:20,790 - \u26d4 Not a valid Git repository, skipping: D:\androidprjs\NexusTrack
2025-11-21 22:10:20,945 - 
\u27a1\ufe0f Checking repository: D:\Visual-Studio-Projects\ctkartsync
2025-11-21 22:10:20,984 - \u26d4 Not a valid Git repository, skipping: D:\Visual-Studio-Projects\ctkartsync
2025-11-21 22:10:21,007 - 
\u27a1\ufe0f Checking repository: D:\Visual-Studio-Projects\EnliteApiServer\AccessApiServer
2025-11-21 22:10:21,047 - \u26d4 Not a valid Git repository, skipping: D:\Visual-Studio-Projects\EnliteApiServer\AccessApiServer
2025-11-21 22:10:21,048 - 
\u27a1\ufe0f Checking repository: D:\Visual-Studio-Projects\Face-Detection
2025-11-21 22:10:21,090 - \u26d4 Not a valid Git repository, skipping: D:\Visual-Studio-Projects\Face-Detection
2025-11-21 22:10:21,090 - 
\u27a1\ufe0f Checking repository: D:\Visual-Studio-Projects\Face-Detection2
2025-11-21 22:10:21,130 - \u26d4 Not a valid Git repository, skipping: D:\Visual-Studio-Projects\Face-Detection2
2025-11-21 22:10:21,294 - 
\u27a1\ufe0f Checking repository: D:\Visual-Studio-Projects\kutuprojects\FaceRecognition
2025-11-21 22:10:21,336 - \u26d4 Not a valid Git repository, skipping: D:\Visual-Studio-Projects\kutuprojects\FaceRecognition
2025-11-21 22:10:21,447 - 
\u27a1\ufe0f Checking repository: D:\Visual-Studio-Projects\WpfCameraAForge
2025-11-21 22:10:21,484 - \u26d4 Not a valid Git repository, skipping: D:\Visual-Studio-Projects\WpfCameraAForge
2025-11-21 22:10:21,560 - 
\u27a1\ufe0f Checking repository: D:\python\gstRPA\simple-captcha-solver
2025-11-21 22:10:21,597 - \u26d4 Not a valid Git repository, skipping: D:\python\gstRPA\simple-captcha-solver
2025-11-21 22:10:21,598 - 
\u27a1\ufe0f Checking repository: D:\python\ocr_invoice_pipeline
2025-11-21 22:10:21,638 - \u26d4 Not a valid Git repository, skipping: D:\python\ocr_invoice_pipeline
2025-11-21 22:10:21,701 - 
\u27a1\ufe0f Checking repository: D:\python\webcamview
2025-11-21 22:10:21,739 - \u26d4 Not a valid Git repository, skipping: D:\python\webcamview
2025-11-21 22:10:21,741 - 
\u27a1\ufe0f Checking repository: D:\python\huging-face\model\surreal-ai-generator
2025-11-21 22:10:21,824 - \u2713 No changes found
2025-11-21 22:10:21,826 - 
\u27a1\ufe0f Checking repository: D:\electron\nexus-admin
2025-11-21 22:10:21,863 - \u26d4 Not a valid Git repository, skipping: D:\electron\nexus-admin
2025-11-21 22:10:23,307 - 
\U0001f50d Scanning drive: F:\
2025-11-21 22:10:23,768 - 
\U0001f50d Scanning drive: I:\
2025-11-21 22:10:23,773 - 
\u27a1\ufe0f Checking repository: I:\desktop_D-drive(ssd)\AdityaA1\A1SECURITY\abco
2025-11-21 22:10:23,812 - \u26d4 Not a valid Git repository, skipping: I:\desktop_D-drive(ssd)\AdityaA1\A1SECURITY\abco
2025-11-21 22:10:23,815 - 
\u27a1\ufe0f Checking repository: I:\desktop_D-drive(ssd)\AdityaA1\A1SecurityOnline
2025-11-21 22:10:23,857 - \u26d4 Not a valid Git repository, skipping: I:\desktop_D-drive(ssd)\AdityaA1\A1SecurityOnline
2025-11-21 22:10:23,858 - 
\u27a1\ufe0f Checking repository: I:\desktop_D-drive(ssd)\AdityaA1\A1SecurityOnline - Copy
2025-11-21 22:10:23,898 - \u26d4 Not a valid Git repository, skipping: I:\desktop_D-drive(ssd)\AdityaA1\A1SecurityOnline - Copy
2025-11-21 22:10:23,900 - 
\u27a1\ufe0f Checking repository: I:\desktop_D-drive(ssd)\Allishan
2025-11-21 22:10:23,938 - \u26d4 Not a valid Git repository, skipping: I:\desktop_D-drive(ssd)\Allishan
2025-11-21 22:10:24,560 - 
\u27a1\ufe0f Checking repository: I:\desktop_D-drive(ssd)\consornac\api\vendor\maatwebsite\excel
2025-11-21 22:10:24,600 - \u26d4 Not a valid Git repository, skipping: I:\desktop_D-drive(ssd)\consornac\api\vendor\maatwebsite\excel
2025-11-21 22:10:24,618 - 
\u27a1\ufe0f Checking repository: I:\desktop_D-drive(ssd)\consornac\api\vendor\phpoffice\phpexcel
2025-11-21 22:10:24,661 - \u26d4 Not a valid Git repository, skipping: I:\desktop_D-drive(ssd)\consornac\api\vendor\phpoffice\phpexcel
2025-11-21 22:10:26,015 - 
\u27a1\ufe0f Checking repository: I:\desktop_D-drive(ssd)\webapps\allishan\Allishan
2025-11-21 22:10:26,054 - \u26d4 Not a valid Git repository, skipping: I:\desktop_D-drive(ssd)\webapps\allishan\Allishan
2025-11-21 22:10:26,068 - 
\u27a1\ufe0f Checking repository: I:\desktop_D-drive(ssd)\webapps\api
2025-11-21 22:10:26,108 - \u26d4 Not a valid Git repository, skipping: I:\desktop_D-drive(ssd)\webapps\api
2025-11-21 22:10:26,174 - 
\u27a1\ufe0f Checking repository: I:\desktop_D-drive(ssd)\webapps\EcomAPI
2025-11-21 22:10:26,211 - \u26d4 Not a valid Git repository, skipping: I:\desktop_D-drive(ssd)\webapps\EcomAPI
2025-11-21 22:10:26,213 - 
\u27a1\ufe0f Checking repository: I:\desktop_D-drive(ssd)\webapps\enlite\enlite\enlite
2025-11-21 22:10:26,255 - \u26d4 Not a valid Git repository, skipping: I:\desktop_D-drive(ssd)\webapps\enlite\enlite\enlite
2025-11-21 22:10:26,457 - 
\u27a1\ufe0f Checking repository: I:\desktop_D-drive(ssd)\Visual-Studio-Projects\ctkartsync
2025-11-21 22:10:26,497 - \u26d4 Not a valid Git repository, skipping: I:\desktop_D-drive(ssd)\Visual-Studio-Projects\ctkartsync
2025-11-21 22:10:26,520 - 
\u27a1\ufe0f Checking repository: I:\desktop_D-drive(ssd)\Visual-Studio-Projects\EnliteApiServer\AccessApiServer
2025-11-21 22:10:26,561 - \u26d4 Not a valid Git repository, skipping: I:\desktop_D-drive(ssd)\Visual-Studio-Projects\EnliteApiServer\AccessApiServer
2025-11-21 22:10:26,562 - 
\u27a1\ufe0f Checking repository: I:\desktop_D-drive(ssd)\Visual-Studio-Projects\Face-Detection
2025-11-21 22:10:26,605 - \u26d4 Not a valid Git repository, skipping: I:\desktop_D-drive(ssd)\Visual-Studio-Projects\Face-Detection
2025-11-21 22:10:26,606 - 
\u27a1\ufe0f Checking repository: I:\desktop_D-drive(ssd)\Visual-Studio-Projects\Face-Detection2
2025-11-21 22:10:26,649 - \u26d4 Not a valid Git repository, skipping: I:\desktop_D-drive(ssd)\Visual-Studio-Projects\Face-Detection2
2025-11-21 22:10:26,816 - 
\u27a1\ufe0f Checking repository: I:\desktop_D-drive(ssd)\Visual-Studio-Projects\kutuprojects\FaceRecognition
2025-11-21 22:10:26,855 - \u26d4 Not a valid Git repository, skipping: I:\desktop_D-drive(ssd)\Visual-Studio-Projects\kutuprojects\FaceRecognition
2025-11-21 22:10:26,967 - 
\u27a1\ufe0f Checking repository: I:\desktop_D-drive(ssd)\Visual-Studio-Projects\WpfCameraAForge
2025-11-21 22:10:27,004 - \u26d4 Not a valid Git repository, skipping: I:\desktop_D-drive(ssd)\Visual-Studio-Projects\WpfCameraAForge
2025-11-21 22:10:27,008 - 
\u27a1\ufe0f Checking repository: I:\desktop_D-drive(ssd)\Enlite\Enlite
2025-11-21 22:10:27,047 - \u26d4 Not a valid Git repository, skipping: I:\desktop_D-drive(ssd)\Enlite\Enlite
2025-11-21 22:10:27,048 - 
\u27a1\ufe0f Checking repository: I:\desktop_D-drive(ssd)\Enlite\websync
2025-11-21 22:10:27,088 - \u26d4 Not a valid Git repository, skipping: I:\desktop_D-drive(ssd)\Enlite\websync
2025-11-21 22:10:27,108 - 
\u27a1\ufe0f Checking repository: I:\desktop_D-drive(ssd)\HMS - Kolkata1
2025-11-21 22:10:27,145 - \u26d4 Not a valid Git repository, skipping: I:\desktop_D-drive(ssd)\HMS - Kolkata1
2025-11-21 22:10:27,195 - 
\u27a1\ufe0f Checking repository: I:\desktop_D-drive(ssd)\python\gstRPA\simple-captcha-solver
2025-11-21 22:10:27,234 - \u26d4 Not a valid Git repository, skipping: I:\desktop_D-drive(ssd)\python\gstRPA\simple-captcha-solver
2025-11-21 22:10:27,235 - 
\u27a1\ufe0f Checking repository: I:\desktop_D-drive(ssd)\python\ocr_invoice_pipeline
2025-11-21 22:10:27,275 - \u26d4 Not a valid Git repository, skipping: I:\desktop_D-drive(ssd)\python\ocr_invoice_pipeline
2025-11-21 22:10:27,342 - 
\u27a1\ufe0f Checking repository: I:\desktop_D-drive(ssd)\python\webcamview
2025-11-21 22:10:27,379 - \u26d4 Not a valid Git repository, skipping: I:\desktop_D-drive(ssd)\python\webcamview
2025-11-21 22:10:27,800 - 
\u27a1\ufe0f Checking repository: I:\pythonprj\testprgs
2025-11-21 22:10:27,917 - \U0001f4dd Changes found \u2192 committing...
2025-11-21 22:10:29,467 - \U0001f4e4 Pushing to remote...
2025-11-21 22:11:04,119 - \u2714 Successfully pushed changes from: I:\pythonprj\testprgs
2025-11-21 22:11:04,922 - 
\u27a1\ufe0f Checking repository: I:\pythonprj\gitautopush
2025-11-21 22:11:05,005 - \U0001f4dd Changes found \u2192 committing...
2025-11-21 22:11:05,434 - \U0001f4e4 Pushing to remote...
2025-11-21 22:11:07,767 - \u2714 Successfully pushed changes from: I:\pythonprj\gitautopush
2025-11-21 22:11:07,786 - 
\u27a1\ufe0f Checking repository: I:\documents\NetBeansProjects\patholab
2025-11-21 22:11:07,829 - \u26d4 Not a valid Git repository, skipping: I:\documents\NetBeansProjects\patholab
2025-11-21 22:11:07,837 - 
\u27a1\ufe0f Checking repository: I:\electron\employ-track-map-view
2025-11-21 22:11:07,880 - \u26d4 Not a valid Git repository, skipping: I:\electron\employ-track-map-view
2025-11-21 22:11:08,373 - 
\U0001f50d Scanning drive: J:\
2025-11-21 22:11:08,704 - 
\u27a1\ufe0f Checking repository: J:\restored\SpeedRecovery\01 New Volume (H ) Normal files  (1175711 files)\found.000\dir0155.chk\EnliteFinal
2025-11-21 22:11:08,744 - \u26d4 Not a valid Git repository, skipping: J:\restored\SpeedRecovery\01 New Volume (H ) Normal files  (1175711 files)\found.000\dir0155.chk\EnliteFinal
2025-11-21 22:11:08,750 - 
\u27a1\ufe0f Checking repository: J:\restored\SpeedRecovery\01 New Volume (H ) Normal files  (1175711 files)\found.000\dir0155.chk\EnliteFinal-docker
2025-11-21 22:11:08,794 - \u26d4 Not a valid Git repository, skipping: J:\restored\SpeedRecovery\01 New Volume (H ) Normal files  (1175711 files)\found.000\dir0155.chk\EnliteFinal-docker
2025-11-21 22:11:08,979 - 
\u27a1\ufe0f Checking repository: J:\webapps\api
2025-11-21 22:11:09,021 - \u26d4 Not a valid Git repository, skipping: J:\webapps\api
2025-11-21 22:11:09,096 - 
\u27a1\ufe0f Checking repository: J:\webapps\EcomAPI
2025-11-21 22:11:09,138 - \u26d4 Not a valid Git repository, skipping: J:\webapps\EcomAPI
2025-11-21 22:11:09,140 - 
\u27a1\ufe0f Checking repository: J:\webapps\enlite\enlite\enlite
2025-11-21 22:11:09,181 - \u26d4 Not a valid Git repository, skipping: J:\webapps\enlite\enlite\enlite
2025-11-21 22:11:09,283 - 
==============================
2025-11-21 22:11:09,283 - \U0001f3c1 Completed scanning all drives

2025-11-21 22:11:09,283 - ==============================

2025-11-21 22:47:25,781 - 
==============================
2025-11-21 22:47:25,782 - \U0001f680 Starting Windows Git Auto Push
2025-11-21 22:47:25,782 - ==============================
2025-11-21 22:47:25,782 - 
\U0001f50d Scanning drive: D:\
2025-11-21 22:47:25,784 - 
\u27a1\ufe0f Checking repository: D:\reactjs\nexus-admin
2025-11-21 22:47:25,830 - \u26d4 Not a valid Git repository, skipping: D:\reactjs\nexus-admin
2025-11-21 22:47:25,861 - 
\u27a1\ufe0f Checking repository: D:\Bitnami\wampstack-5.6.40-1\apache2\htdocs\allishan\Allishan
2025-11-21 22:47:25,901 - \u26d4 Not a valid Git repository, skipping: D:\Bitnami\wampstack-5.6.40-1\apache2\htdocs\allishan\Allishan
2025-11-21 22:47:28,728 - 
\u27a1\ufe0f Checking repository: D:\Bitnami\wampstack-5.6.40-1\apache2\htdocs\api
2025-11-21 22:47:28,808 - \u26d4 Not a valid Git repository, skipping: D:\Bitnami\wampstack-5.6.40-1\apache2\htdocs\api
2025-11-21 22:47:28,893 - 
\u27a1\ufe0f Checking repository: D:\Bitnami\wampstack-5.6.40-1\apache2\htdocs\EcomAPI
2025-11-21 22:47:28,932 - \u26d4 Not a valid Git repository, skipping: D:\Bitnami\wampstack-5.6.40-1\apache2\htdocs\EcomAPI
2025-11-21 22:47:28,933 - 
\u27a1\ufe0f Checking repository: D:\Bitnami\wampstack-5.6.40-1\apache2\htdocs\enlite\enlite\enlite
2025-11-21 22:47:28,971 - \u26d4 Not a valid Git repository, skipping: D:\Bitnami\wampstack-5.6.40-1\apache2\htdocs\enlite\enlite\enlite
2025-11-21 22:47:29,028 - 
\u27a1\ufe0f Checking repository: D:\Bitnami\wampstack-5.6.40-1\apache2\htdocs\filemanager-admin
2025-11-21 22:47:29,082 - \u26d4 Not a valid Git repository, skipping: D:\Bitnami\wampstack-5.6.40-1\apache2\htdocs\filemanager-admin
2025-11-21 22:47:29,482 - 
\u27a1\ufe0f Checking repository: D:\HMS - Kolkata1
2025-11-21 22:47:29,521 - \u26d4 Not a valid Git repository, skipping: D:\HMS - Kolkata1
2025-11-21 22:47:29,850 - 
\u27a1\ufe0f Checking repository: D:\EnLite\EnliteFinal
2025-11-21 22:47:29,888 - \u26d4 Not a valid Git repository, skipping: D:\EnLite\EnliteFinal
2025-11-21 22:47:29,889 - 
\u27a1\ufe0f Checking repository: D:\EnLite\Enlite
2025-11-21 22:47:29,928 - \u26d4 Not a valid Git repository, skipping: D:\EnLite\Enlite
2025-11-21 22:47:29,929 - 
\u27a1\ufe0f Checking repository: D:\EnLite\websync
2025-11-21 22:47:29,971 - \u26d4 Not a valid Git repository, skipping: D:\EnLite\websync
2025-11-21 22:47:30,557 - 
\u27a1\ufe0f Checking repository: D:\androidprjs\Actronix
2025-11-21 22:47:30,596 - \u26d4 Not a valid Git repository, skipping: D:\androidprjs\Actronix
2025-11-21 22:47:30,742 - 
\u27a1\ufe0f Checking repository: D:\androidprjs\NexusTrack
2025-11-21 22:47:30,782 - \u26d4 Not a valid Git repository, skipping: D:\androidprjs\NexusTrack
2025-11-21 22:47:30,971 - 
\u27a1\ufe0f Checking repository: D:\Visual-Studio-Projects\ctkartsync
2025-11-21 22:47:31,009 - \u26d4 Not a valid Git repository, skipping: D:\Visual-Studio-Projects\ctkartsync
2025-11-21 22:47:31,032 - 
\u27a1\ufe0f Checking repository: D:\Visual-Studio-Projects\EnliteApiServer\AccessApiServer
2025-11-21 22:47:31,073 - \u26d4 Not a valid Git repository, skipping: D:\Visual-Studio-Projects\EnliteApiServer\AccessApiServer
2025-11-21 22:47:31,074 - 
\u27a1\ufe0f Checking repository: D:\Visual-Studio-Projects\Face-Detection
2025-11-21 22:47:31,115 - \u26d4 Not a valid Git repository, skipping: D:\Visual-Studio-Projects\Face-Detection
2025-11-21 22:47:31,115 - 
\u27a1\ufe0f Checking repository: D:\Visual-Studio-Projects\Face-Detection2
2025-11-21 22:47:31,158 - \u26d4 Not a valid Git repository, skipping: D:\Visual-Studio-Projects\Face-Detection2
2025-11-21 22:47:31,332 - 
\u27a1\ufe0f Checking repository: D:\Visual-Studio-Projects\kutuprojects\FaceRecognition
2025-11-21 22:47:31,371 - \u26d4 Not a valid Git repository, skipping: D:\Visual-Studio-Projects\kutuprojects\FaceRecognition
2025-11-21 22:47:31,482 - 
\u27a1\ufe0f Checking repository: D:\Visual-Studio-Projects\WpfCameraAForge
2025-11-21 22:47:31,520 - \u26d4 Not a valid Git repository, skipping: D:\Visual-Studio-Projects\WpfCameraAForge
2025-11-21 22:47:31,575 - 
\u27a1\ufe0f Checking repository: D:\Visual-Studio-Projects\LocaApiServerAccess
2025-11-21 22:47:31,657 - \u2713 No changes found
2025-11-21 22:47:31,657 - 
\u27a1\ufe0f Checking repository: D:\Visual-Studio-Projects\ImageRecieverHost
2025-11-21 22:47:31,739 - \U0001f4dd Changes found \u2192 committing...
2025-11-21 22:47:31,816 - \u274c Git error in D:\Visual-Studio-Projects\ImageRecieverHost: Command '['git', 'add', '.']' returned non-zero exit status 128.
2025-11-21 22:47:31,833 - 
\u27a1\ufe0f Checking repository: D:\python\gstRPA\simple-captcha-solver
2025-11-21 22:47:31,871 - \u26d4 Not a valid Git repository, skipping: D:\python\gstRPA\simple-captcha-solver
2025-11-21 22:47:31,872 - 
\u27a1\ufe0f Checking repository: D:\python\ocr_invoice_pipeline
2025-11-21 22:47:31,911 - \u26d4 Not a valid Git repository, skipping: D:\python\ocr_invoice_pipeline
2025-11-21 22:47:31,977 - 
\u27a1\ufe0f Checking repository: D:\python\webcamview
2025-11-21 22:47:32,016 - \u26d4 Not a valid Git repository, skipping: D:\python\webcamview
2025-11-21 22:47:32,018 - 
\u27a1\ufe0f Checking repository: D:\python\huging-face\model\surreal-ai-generator
2025-11-21 22:47:32,101 - \u2713 No changes found
2025-11-21 22:47:32,103 - 
\u27a1\ufe0f Checking repository: D:\electron\nexus-admin
2025-11-21 22:47:32,141 - \u26d4 Not a valid Git repository, skipping: D:\electron\nexus-admin
2025-11-21 22:47:33,706 - 
\U0001f50d Scanning drive: F:\
2025-11-21 22:47:34,260 - 
\U0001f50d Scanning drive: I:\
2025-11-21 22:47:34,267 - 
\u27a1\ufe0f Checking repository: I:\desktop_D-drive(ssd)\AdityaA1\A1SECURITY\abco
2025-11-21 22:47:34,315 - \u26d4 Not a valid Git repository, skipping: I:\desktop_D-drive(ssd)\AdityaA1\A1SECURITY\abco
2025-11-21 22:47:34,318 - 
\u27a1\ufe0f Checking repository: I:\desktop_D-drive(ssd)\AdityaA1\A1SecurityOnline
2025-11-21 22:47:34,360 - \u26d4 Not a valid Git repository, skipping: I:\desktop_D-drive(ssd)\AdityaA1\A1SecurityOnline
2025-11-21 22:47:34,361 - 
\u27a1\ufe0f Checking repository: I:\desktop_D-drive(ssd)\AdityaA1\A1SecurityOnline - Copy
2025-11-21 22:47:34,404 - \u26d4 Not a valid Git repository, skipping: I:\desktop_D-drive(ssd)\AdityaA1\A1SecurityOnline - Copy
2025-11-21 22:47:34,407 - 
\u27a1\ufe0f Checking repository: I:\desktop_D-drive(ssd)\Allishan
2025-11-21 22:47:34,449 - \u26d4 Not a valid Git repository, skipping: I:\desktop_D-drive(ssd)\Allishan
2025-11-21 22:47:35,121 - 
\u27a1\ufe0f Checking repository: I:\desktop_D-drive(ssd)\consornac\api\vendor\maatwebsite\excel
2025-11-21 22:47:35,160 - \u26d4 Not a valid Git repository, skipping: I:\desktop_D-drive(ssd)\consornac\api\vendor\maatwebsite\excel
2025-11-21 22:47:35,183 - 
\u27a1\ufe0f Checking repository: I:\desktop_D-drive(ssd)\consornac\api\vendor\phpoffice\phpexcel
2025-11-21 22:47:35,226 - \u26d4 Not a valid Git repository, skipping: I:\desktop_D-drive(ssd)\consornac\api\vendor\phpoffice\phpexcel
2025-11-21 22:47:36,723 - 
\u27a1\ufe0f Checking repository: I:\desktop_D-drive(ssd)\webapps\allishan\Allishan
2025-11-21 22:47:36,768 - \u26d4 Not a valid Git repository, skipping: I:\desktop_D-drive(ssd)\webapps\allishan\Allishan
2025-11-21 22:47:36,784 - 
\u27a1\ufe0f Checking repository: I:\desktop_D-drive(ssd)\webapps\api
2025-11-21 22:47:36,827 - \u26d4 Not a valid Git repository, skipping: I:\desktop_D-drive(ssd)\webapps\api
2025-11-21 22:47:36,899 - 
\u27a1\ufe0f Checking repository: I:\desktop_D-drive(ssd)\webapps\EcomAPI
2025-11-21 22:47:36,941 - \u26d4 Not a valid Git repository, skipping: I:\desktop_D-drive(ssd)\webapps\EcomAPI
2025-11-21 22:47:36,943 - 
\u27a1\ufe0f Checking repository: I:\desktop_D-drive(ssd)\webapps\enlite\enlite\enlite
2025-11-21 22:47:36,989 - \u26d4 Not a valid Git repository, skipping: I:\desktop_D-drive(ssd)\webapps\enlite\enlite\enlite
2025-11-21 22:47:37,224 - 
\u27a1\ufe0f Checking repository: I:\desktop_D-drive(ssd)\Visual-Studio-Projects\ctkartsync
2025-11-21 22:47:37,262 - \u26d4 Not a valid Git repository, skipping: I:\desktop_D-drive(ssd)\Visual-Studio-Projects\ctkartsync
2025-11-21 22:47:37,285 - 
\u27a1\ufe0f Checking repository: I:\desktop_D-drive(ssd)\Visual-Studio-Projects\EnliteApiServer\AccessApiServer
2025-11-21 22:47:37,327 - \u26d4 Not a valid Git repository, skipping: I:\desktop_D-drive(ssd)\Visual-Studio-Projects\EnliteApiServer\AccessApiServer
2025-11-21 22:47:37,328 - 
\u27a1\ufe0f Checking repository: I:\desktop_D-drive(ssd)\Visual-Studio-Projects\Face-Detection
2025-11-21 22:47:37,371 - \u26d4 Not a valid Git repository, skipping: I:\desktop_D-drive(ssd)\Visual-Studio-Projects\Face-Detection
2025-11-21 22:47:37,372 - 
\u27a1\ufe0f Checking repository: I:\desktop_D-drive(ssd)\Visual-Studio-Projects\Face-Detection2
2025-11-21 22:47:37,411 - \u26d4 Not a valid Git repository, skipping: I:\desktop_D-drive(ssd)\Visual-Studio-Projects\Face-Detection2
2025-11-21 22:47:37,581 - 
\u27a1\ufe0f Checking repository: I:\desktop_D-drive(ssd)\Visual-Studio-Projects\kutuprojects\FaceRecognition
2025-11-21 22:47:37,619 - \u26d4 Not a valid Git repository, skipping: I:\desktop_D-drive(ssd)\Visual-Studio-Projects\kutuprojects\FaceRecognition
2025-11-21 22:47:37,737 - 
\u27a1\ufe0f Checking repository: I:\desktop_D-drive(ssd)\Visual-Studio-Projects\WpfCameraAForge
2025-11-21 22:47:37,776 - \u26d4 Not a valid Git repository, skipping: I:\desktop_D-drive(ssd)\Visual-Studio-Projects\WpfCameraAForge
2025-11-21 22:47:37,781 - 
\u27a1\ufe0f Checking repository: I:\desktop_D-drive(ssd)\Enlite\Enlite
2025-11-21 22:47:37,820 - \u26d4 Not a valid Git repository, skipping: I:\desktop_D-drive(ssd)\Enlite\Enlite
2025-11-21 22:47:37,821 - 
\u27a1\ufe0f Checking repository: I:\desktop_D-drive(ssd)\Enlite\websync
2025-11-21 22:47:37,861 - \u26d4 Not a valid Git repository, skipping: I:\desktop_D-drive(ssd)\Enlite\websync
2025-11-21 22:47:37,880 - 
\u27a1\ufe0f Checking repository: I:\desktop_D-drive(ssd)\HMS - Kolkata1
2025-11-21 22:47:37,920 - \u26d4 Not a valid Git repository, skipping: I:\desktop_D-drive(ssd)\HMS - Kolkata1
2025-11-21 22:47:37,969 - 
\u27a1\ufe0f Checking repository: I:\desktop_D-drive(ssd)\python\gstRPA\simple-captcha-solver
2025-11-21 22:47:38,010 - \u26d4 Not a valid Git repository, skipping: I:\desktop_D-drive(ssd)\python\gstRPA\simple-captcha-solver
2025-11-21 22:47:38,010 - 
\u27a1\ufe0f Checking repository: I:\desktop_D-drive(ssd)\python\ocr_invoice_pipeline
2025-11-21 22:47:38,051 - \u26d4 Not a valid Git repository, skipping: I:\desktop_D-drive(ssd)\python\ocr_invoice_pipeline
2025-11-21 22:47:38,116 - 
\u27a1\ufe0f Checking repository: I:\desktop_D-drive(ssd)\python\webcamview
2025-11-21 22:47:38,154 - \u26d4 Not a valid Git repository, skipping: I:\desktop_D-drive(ssd)\python\webcamview
2025-11-21 22:47:38,594 - 
\u27a1\ufe0f Checking repository: I:\pythonprj\testprgs
2025-11-21 22:47:38,716 - \u2713 No changes found
2025-11-21 22:47:39,512 - 
\u27a1\ufe0f Checking repository: I:\pythonprj\gitautopush
2025-11-21 22:47:39,598 - \U0001f4dd Changes found \u2192 committing...
2025-11-21 22:47:40,256 - \U0001f4e4 Pushing to remote...
2025-11-21 22:47:42,288 - \u2714 Successfully pushed changes from: I:\pythonprj\gitautopush
2025-11-21 22:47:42,309 - 
\u27a1\ufe0f Checking repository: I:\documents\NetBeansProjects\patholab
2025-11-21 22:47:42,349 - \u26d4 Not a valid Git repository, skipping: I:\documents\NetBeansProjects\patholab
2025-11-21 22:47:42,355 - 
\u27a1\ufe0f Checking repository: I:\electron\employ-track-map-view
2025-11-21 22:47:42,394 - \u26d4 Not a valid Git repository, skipping: I:\electron\employ-track-map-view
2025-11-21 22:47:43,657 - 
\U0001f50d Scanning drive: J:\
2025-11-21 22:47:43,950 - 
\u27a1\ufe0f Checking repository: J:\restored\SpeedRecovery\01 New Volume (H ) Normal files  (1175711 files)\found.000\dir0155.chk\EnliteFinal
2025-11-21 22:47:43,989 - \u26d4 Not a valid Git repository, skipping: J:\restored\SpeedRecovery\01 New Volume (H ) Normal files  (1175711 files)\found.000\dir0155.chk\EnliteFinal
2025-11-21 22:47:43,996 - 
\u27a1\ufe0f Checking repository: J:\restored\SpeedRecovery\01 New Volume (H ) Normal files  (1175711 files)\found.000\dir0155.chk\EnliteFinal-docker
2025-11-21 22:47:44,038 - \u26d4 Not a valid Git repository, skipping: J:\restored\SpeedRecovery\01 New Volume (H ) Normal files  (1175711 files)\found.000\dir0155.chk\EnliteFinal-docker
2025-11-21 22:47:44,217 - 
\u27a1\ufe0f Checking repository: J:\webapps\api
2025-11-21 22:47:44,255 - \u26d4 Not a valid Git repository, skipping: J:\webapps\api
2025-11-21 22:47:44,322 - 
\u27a1\ufe0f Checking repository: J:\webapps\EcomAPI
2025-11-21 22:47:44,359 - \u26d4 Not a valid Git repository, skipping: J:\webapps\EcomAPI
2025-11-21 22:47:44,360 - 
\u27a1\ufe0f Checking repository: J:\webapps\enlite\enlite\enlite
2025-11-21 22:47:44,399 - \u26d4 Not a valid Git repository, skipping: J:\webapps\enlite\enlite\enlite
2025-11-21 22:47:44,495 - 
==============================
2025-11-21 22:47:44,495 - \U0001f3c1 Completed scanning all drives

2025-11-21 22:47:44,496 - ==============================

2025-11-21 23:06:56,470 - 
==============================
2025-11-21 23:06:56,471 - \U0001f680 Starting Windows Git Auto Push
2025-11-21 23:06:56,471 - ==============================
2025-11-21 23:06:56,471 - 
\U0001f50d Scanning drive: D:\
2025-11-21 23:06:56,477 - 
\u27a1\ufe0f Checking repository: D:\reactjs\nexus-admin
2025-11-21 23:06:56,516 - \u26d4 Not a valid Git repository, skipping: D:\reactjs\nexus-admin
2025-11-21 23:06:56,545 - 
\u27a1\ufe0f Checking repository: D:\Bitnami\wampstack-5.6.40-1\apache2\htdocs\allishan\Allishan
2025-11-21 23:06:56,585 - \u26d4 Not a valid Git repository, skipping: D:\Bitnami\wampstack-5.6.40-1\apache2\htdocs\allishan\Allishan
2025-11-21 23:06:56,988 - 
\u27a1\ufe0f Checking repository: D:\Bitnami\wampstack-5.6.40-1\apache2\htdocs\api
2025-11-21 23:06:57,033 - \u26d4 Not a valid Git repository, skipping: D:\Bitnami\wampstack-5.6.40-1\apache2\htdocs\api
2025-11-21 23:06:57,097 - 
\u27a1\ufe0f Checking repository: D:\Bitnami\wampstack-5.6.40-1\apache2\htdocs\EcomAPI
2025-11-21 23:06:57,132 - \u26d4 Not a valid Git repository, skipping: D:\Bitnami\wampstack-5.6.40-1\apache2\htdocs\EcomAPI
2025-11-21 23:06:57,133 - 
\u27a1\ufe0f Checking repository: D:\Bitnami\wampstack-5.6.40-1\apache2\htdocs\enlite\enlite\enlite
2025-11-21 23:06:57,169 - \u26d4 Not a valid Git repository, skipping: D:\Bitnami\wampstack-5.6.40-1\apache2\htdocs\enlite\enlite\enlite
2025-11-21 23:06:57,196 - 
\u27a1\ufe0f Checking repository: D:\Bitnami\wampstack-5.6.40-1\apache2\htdocs\filemanager-admin
2025-11-21 23:06:57,232 - \u26d4 Not a valid Git repository, skipping: D:\Bitnami\wampstack-5.6.40-1\apache2\htdocs\filemanager-admin
2025-11-21 23:06:57,246 - 
\u27a1\ufe0f Checking repository: D:\Bitnami\wampstack-5.6.40-1\apache2\htdocs\a1security
2025-11-21 23:06:57,283 - \u26d4 Not a valid Git repository, skipping: D:\Bitnami\wampstack-5.6.40-1\apache2\htdocs\a1security
2025-11-21 23:06:57,646 - 
\u27a1\ufe0f Checking repository: D:\HMS - Kolkata1
2025-11-21 23:06:57,692 - \u26d4 Not a valid Git repository, skipping: D:\HMS - Kolkata1
2025-11-21 23:06:58,028 - 
\u27a1\ufe0f Checking repository: D:\EnLite\EnliteFinal
2025-11-21 23:06:58,065 - \u26d4 Not a valid Git repository, skipping: D:\EnLite\EnliteFinal
2025-11-21 23:06:58,066 - 
\u27a1\ufe0f Checking repository: D:\EnLite\Enlite
2025-11-21 23:06:58,102 - \u26d4 Not a valid Git repository, skipping: D:\EnLite\Enlite
2025-11-21 23:06:58,103 - 
\u27a1\ufe0f Checking repository: D:\EnLite\websync
2025-11-21 23:06:58,137 - \u26d4 Not a valid Git repository, skipping: D:\EnLite\websync
2025-11-21 23:06:58,878 - 
\u27a1\ufe0f Checking repository: D:\androidprjs\Actronix
2025-11-21 23:06:58,914 - \u26d4 Not a valid Git repository, skipping: D:\androidprjs\Actronix
2025-11-21 23:06:59,098 - 
\u27a1\ufe0f Checking repository: D:\androidprjs\NexusTrack
2025-11-21 23:06:59,134 - \u26d4 Not a valid Git repository, skipping: D:\androidprjs\NexusTrack
2025-11-21 23:06:59,312 - 
\u27a1\ufe0f Checking repository: D:\Visual-Studio-Projects\ctkartsync
2025-11-21 23:06:59,347 - \u26d4 Not a valid Git repository, skipping: D:\Visual-Studio-Projects\ctkartsync
2025-11-21 23:06:59,381 - 
\u27a1\ufe0f Checking repository: D:\Visual-Studio-Projects\EnliteApiServer\AccessApiServer
2025-11-21 23:06:59,416 - \u26d4 Not a valid Git repository, skipping: D:\Visual-Studio-Projects\EnliteApiServer\AccessApiServer
2025-11-21 23:06:59,417 - 
\u27a1\ufe0f Checking repository: D:\Visual-Studio-Projects\Face-Detection
2025-11-21 23:06:59,452 - \u26d4 Not a valid Git repository, skipping: D:\Visual-Studio-Projects\Face-Detection
2025-11-21 23:06:59,452 - 
\u27a1\ufe0f Checking repository: D:\Visual-Studio-Projects\Face-Detection2
2025-11-21 23:06:59,488 - \u26d4 Not a valid Git repository, skipping: D:\Visual-Studio-Projects\Face-Detection2
2025-11-21 23:06:59,657 - 
\u27a1\ufe0f Checking repository: D:\Visual-Studio-Projects\kutuprojects\FaceRecognition
2025-11-21 23:06:59,692 - \u26d4 Not a valid Git repository, skipping: D:\Visual-Studio-Projects\kutuprojects\FaceRecognition
2025-11-21 23:06:59,811 - 
\u27a1\ufe0f Checking repository: D:\Visual-Studio-Projects\WpfCameraAForge
2025-11-21 23:06:59,846 - \u26d4 Not a valid Git repository, skipping: D:\Visual-Studio-Projects\WpfCameraAForge
2025-11-21 23:06:59,915 - 
\u27a1\ufe0f Checking repository: D:\Visual-Studio-Projects\NewEnlite
2025-11-21 23:06:59,988 - \u2713 No changes found
2025-11-21 23:06:59,988 - 
\u27a1\ufe0f Checking repository: D:\Visual-Studio-Projects\LocaApiServerAccess
2025-11-21 23:07:00,066 - \u2713 No changes found
2025-11-21 23:07:00,066 - 
\u27a1\ufe0f Checking repository: D:\Visual-Studio-Projects\ImageRecieverHost
2025-11-21 23:07:00,144 - \U0001f4dd Changes found \u2192 committing...
2025-11-21 23:07:00,321 - \U0001f4e4 Pushing to remote...
2025-11-21 23:07:02,188 - \u2714 Successfully pushed changes from: D:\Visual-Studio-Projects\ImageRecieverHost
2025-11-21 23:07:02,205 - 
\u27a1\ufe0f Checking repository: D:\python\gstRPA\simple-captcha-solver
2025-11-21 23:07:02,243 - \u26d4 Not a valid Git repository, skipping: D:\python\gstRPA\simple-captcha-solver
2025-11-21 23:07:02,243 - 
\u27a1\ufe0f Checking repository: D:\python\ocr_invoice_pipeline
2025-11-21 23:07:02,279 - \u26d4 Not a valid Git repository, skipping: D:\python\ocr_invoice_pipeline
2025-11-21 23:07:02,358 - 
\u27a1\ufe0f Checking repository: D:\python\webcamview
2025-11-21 23:07:02,392 - \u26d4 Not a valid Git repository, skipping: D:\python\webcamview
2025-11-21 23:07:02,394 - 
\u27a1\ufe0f Checking repository: D:\python\huging-face\model\surreal-ai-generator
2025-11-21 23:07:02,473 - \u2713 No changes found
2025-11-21 23:07:02,477 - 
\u27a1\ufe0f Checking repository: D:\electron\nexus-admin
2025-11-21 23:07:02,513 - \u26d4 Not a valid Git repository, skipping: D:\electron\nexus-admin
2025-11-21 23:07:04,010 - 
\U0001f50d Scanning drive: F:\
2025-11-21 23:07:04,505 - 
\U0001f50d Scanning drive: I:\
2025-11-21 23:07:04,957 - 
\u27a1\ufe0f Checking repository: I:\desktop_D-drive(ssd)\AdityaA1\A1SECURITY\abco
2025-11-21 23:07:04,994 - \u26d4 Not a valid Git repository, skipping: I:\desktop_D-drive(ssd)\AdityaA1\A1SECURITY\abco
2025-11-21 23:07:04,997 - 
\u27a1\ufe0f Checking repository: I:\desktop_D-drive(ssd)\AdityaA1\A1SecurityOnline
2025-11-21 23:07:05,039 - \u26d4 Not a valid Git repository, skipping: I:\desktop_D-drive(ssd)\AdityaA1\A1SecurityOnline
2025-11-21 23:07:05,039 - 
\u27a1\ufe0f Checking repository: I:\desktop_D-drive(ssd)\AdityaA1\A1SecurityOnline - Copy
2025-11-21 23:07:05,076 - \u26d4 Not a valid Git repository, skipping: I:\desktop_D-drive(ssd)\AdityaA1\A1SecurityOnline - Copy
2025-11-21 23:07:05,078 - 
\u27a1\ufe0f Checking repository: I:\desktop_D-drive(ssd)\Allishan
2025-11-21 23:07:05,115 - \u26d4 Not a valid Git repository, skipping: I:\desktop_D-drive(ssd)\Allishan
2025-11-21 23:07:11,879 - 
\u27a1\ufe0f Checking repository: I:\desktop_D-drive(ssd)\consornac\api\vendor\maatwebsite\excel
2025-11-21 23:07:11,916 - \u26d4 Not a valid Git repository, skipping: I:\desktop_D-drive(ssd)\consornac\api\vendor\maatwebsite\excel
2025-11-21 23:07:12,159 - 
\u27a1\ufe0f Checking repository: I:\desktop_D-drive(ssd)\consornac\api\vendor\phpoffice\phpexcel
2025-11-21 23:07:12,198 - \u26d4 Not a valid Git repository, skipping: I:\desktop_D-drive(ssd)\consornac\api\vendor\phpoffice\phpexcel
2025-11-21 23:07:15,375 - 
\u27a1\ufe0f Checking repository: I:\desktop_D-drive(ssd)\webapps\allishan\Allishan
2025-11-21 23:07:15,410 - \u26d4 Not a valid Git repository, skipping: I:\desktop_D-drive(ssd)\webapps\allishan\Allishan
2025-11-21 23:07:15,422 - 
\u27a1\ufe0f Checking repository: I:\desktop_D-drive(ssd)\webapps\api
2025-11-21 23:07:15,461 - \u26d4 Not a valid Git repository, skipping: I:\desktop_D-drive(ssd)\webapps\api
2025-11-21 23:07:15,634 - 
\u27a1\ufe0f Checking repository: I:\desktop_D-drive(ssd)\webapps\EcomAPI
2025-11-21 23:07:15,668 - \u26d4 Not a valid Git repository, skipping: I:\desktop_D-drive(ssd)\webapps\EcomAPI
2025-11-21 23:07:15,670 - 
\u27a1\ufe0f Checking repository: I:\desktop_D-drive(ssd)\webapps\enlite\enlite\enlite
2025-11-21 23:07:15,705 - \u26d4 Not a valid Git repository, skipping: I:\desktop_D-drive(ssd)\webapps\enlite\enlite\enlite
2025-11-21 23:07:16,023 - 
\u27a1\ufe0f Checking repository: I:\desktop_D-drive(ssd)\Visual-Studio-Projects\ctkartsync
2025-11-21 23:07:16,058 - \u26d4 Not a valid Git repository, skipping: I:\desktop_D-drive(ssd)\Visual-Studio-Projects\ctkartsync
2025-11-21 23:07:16,288 - 
\u27a1\ufe0f Checking repository: I:\desktop_D-drive(ssd)\Visual-Studio-Projects\EnliteApiServer\AccessApiServer
2025-11-21 23:07:16,325 - \u26d4 Not a valid Git repository, skipping: I:\desktop_D-drive(ssd)\Visual-Studio-Projects\EnliteApiServer\AccessApiServer
2025-11-21 23:07:16,325 - 
\u27a1\ufe0f Checking repository: I:\desktop_D-drive(ssd)\Visual-Studio-Projects\Face-Detection
2025-11-21 23:07:16,361 - \u26d4 Not a valid Git repository, skipping: I:\desktop_D-drive(ssd)\Visual-Studio-Projects\Face-Detection
2025-11-21 23:07:16,362 - 
\u27a1\ufe0f Checking repository: I:\desktop_D-drive(ssd)\Visual-Studio-Projects\Face-Detection2
2025-11-21 23:07:16,397 - \u26d4 Not a valid Git repository, skipping: I:\desktop_D-drive(ssd)\Visual-Studio-Projects\Face-Detection2
2025-11-21 23:07:16,672 - 
\u27a1\ufe0f Checking repository: I:\desktop_D-drive(ssd)\Visual-Studio-Projects\kutuprojects\FaceRecognition
2025-11-21 23:07:16,738 - \u26d4 Not a valid Git repository, skipping: I:\desktop_D-drive(ssd)\Visual-Studio-Projects\kutuprojects\FaceRecognition
2025-11-21 23:07:17,069 - 
\u27a1\ufe0f Checking repository: I:\desktop_D-drive(ssd)\Visual-Studio-Projects\WpfCameraAForge
2025-11-21 23:07:17,103 - \u26d4 Not a valid Git repository, skipping: I:\desktop_D-drive(ssd)\Visual-Studio-Projects\WpfCameraAForge
2025-11-21 23:07:17,137 - 
\u27a1\ufe0f Checking repository: I:\desktop_D-drive(ssd)\Enlite\Enlite
2025-11-21 23:07:17,171 - \u26d4 Not a valid Git repository, skipping: I:\desktop_D-drive(ssd)\Enlite\Enlite
2025-11-21 23:07:17,172 - 
\u27a1\ufe0f Checking repository: I:\desktop_D-drive(ssd)\Enlite\websync
2025-11-21 23:07:17,206 - \u26d4 Not a valid Git repository, skipping: I:\desktop_D-drive(ssd)\Enlite\websync
2025-11-21 23:07:17,461 - 
\u27a1\ufe0f Checking repository: I:\desktop_D-drive(ssd)\HMS - Kolkata1
2025-11-21 23:07:17,499 - \u26d4 Not a valid Git repository, skipping: I:\desktop_D-drive(ssd)\HMS - Kolkata1
2025-11-21 23:07:17,700 - 
\u27a1\ufe0f Checking repository: I:\desktop_D-drive(ssd)\python\gstRPA\simple-captcha-solver
2025-11-21 23:07:17,737 - \u26d4 Not a valid Git repository, skipping: I:\desktop_D-drive(ssd)\python\gstRPA\simple-captcha-solver
2025-11-21 23:07:17,738 - 
\u27a1\ufe0f Checking repository: I:\desktop_D-drive(ssd)\python\ocr_invoice_pipeline
2025-11-21 23:07:17,772 - \u26d4 Not a valid Git repository, skipping: I:\desktop_D-drive(ssd)\python\ocr_invoice_pipeline
2025-11-21 23:07:17,866 - 
\u27a1\ufe0f Checking repository: I:\desktop_D-drive(ssd)\python\webcamview
2025-11-21 23:07:17,901 - \u26d4 Not a valid Git repository, skipping: I:\desktop_D-drive(ssd)\python\webcamview
2025-11-21 23:07:18,461 - 
\u27a1\ufe0f Checking repository: I:\pythonprj\testprgs
2025-11-21 23:07:18,598 - \u2713 No changes found
2025-11-21 23:07:19,394 - 
\u27a1\ufe0f Checking repository: I:\pythonprj\gitautopush
2025-11-21 23:07:19,473 - \U0001f4dd Changes found \u2192 committing...
2025-11-21 23:07:19,938 - \U0001f4e4 Pushing to remote...
2025-11-21 23:07:21,769 - \u2714 Successfully pushed changes from: I:\pythonprj\gitautopush
2025-11-21 23:07:21,886 - 
\u27a1\ufe0f Checking repository: I:\documents\NetBeansProjects\patholab
2025-11-21 23:07:21,922 - \u26d4 Not a valid Git repository, skipping: I:\documents\NetBeansProjects\patholab
2025-11-21 23:07:22,082 - 
\u27a1\ufe0f Checking repository: I:\electron\employ-track-map-view
2025-11-21 23:07:22,122 - \u26d4 Not a valid Git repository, skipping: I:\electron\employ-track-map-view
2025-11-21 23:07:22,761 - 
\U0001f50d Scanning drive: J:\
2025-11-21 23:07:23,201 - 
\u27a1\ufe0f Checking repository: J:\restored\SpeedRecovery\01 New Volume (H ) Normal files  (1175711 files)\found.000\dir0155.chk\EnliteFinal
2025-11-21 23:07:23,236 - \u26d4 Not a valid Git repository, skipping: J:\restored\SpeedRecovery\01 New Volume (H ) Normal files  (1175711 files)\found.000\dir0155.chk\EnliteFinal
2025-11-21 23:07:23,242 - 
\u27a1\ufe0f Checking repository: J:\restored\SpeedRecovery\01 New Volume (H ) Normal files  (1175711 files)\found.000\dir0155.chk\EnliteFinal-docker
2025-11-21 23:07:23,278 - \u26d4 Not a valid Git repository, skipping: J:\restored\SpeedRecovery\01 New Volume (H ) Normal files  (1175711 files)\found.000\dir0155.chk\EnliteFinal-docker
2025-11-21 23:07:23,691 - 
\u27a1\ufe0f Checking repository: J:\webapps\api
2025-11-21 23:07:23,726 - \u26d4 Not a valid Git repository, skipping: J:\webapps\api
2025-11-21 23:07:23,826 - 
\u27a1\ufe0f Checking repository: J:\webapps\EcomAPI
2025-11-21 23:07:23,861 - \u26d4 Not a valid Git repository, skipping: J:\webapps\EcomAPI
2025-11-21 23:07:23,862 - 
\u27a1\ufe0f Checking repository: J:\webapps\enlite\enlite\enlite
2025-11-21 23:07:23,897 - \u26d4 Not a valid Git repository, skipping: J:\webapps\enlite\enlite\enlite
2025-11-21 23:07:24,031 - 
==============================
2025-11-21 23:07:24,031 - \U0001f3c1 Completed scanning all drives

2025-11-21 23:07:24,031 - ==============================

2025-11-21 23:08:06,130 - 
==============================
2025-11-21 23:08:06,131 - \U0001f680 Starting Windows Git Auto Push
2025-11-21 23:08:06,131 - ==============================
2025-11-21 23:08:06,131 - 
\U0001f50d Scanning drive: D:\
2025-11-21 23:08:06,133 - 
\u27a1\ufe0f Checking repository: D:\reactjs\nexus-admin
2025-11-21 23:08:06,171 - \u26d4 Not a valid Git repository, skipping: D:\reactjs\nexus-admin
2025-11-21 23:08:06,199 - 
\u27a1\ufe0f Checking repository: D:\Bitnami\wampstack-5.6.40-1\apache2\htdocs\allishan\Allishan
2025-11-21 23:08:06,274 - \u26d4 Not a valid Git repository, skipping: D:\Bitnami\wampstack-5.6.40-1\apache2\htdocs\allishan\Allishan
2025-11-21 23:08:06,648 - 
\u27a1\ufe0f Checking repository: D:\Bitnami\wampstack-5.6.40-1\apache2\htdocs\api
2025-11-21 23:08:06,686 - \u26d4 Not a valid Git repository, skipping: D:\Bitnami\wampstack-5.6.40-1\apache2\htdocs\api
2025-11-21 23:08:06,756 - 
\u27a1\ufe0f Checking repository: D:\Bitnami\wampstack-5.6.40-1\apache2\htdocs\EcomAPI
2025-11-21 23:08:06,792 - \u26d4 Not a valid Git repository, skipping: D:\Bitnami\wampstack-5.6.40-1\apache2\htdocs\EcomAPI
2025-11-21 23:08:06,793 - 
\u27a1\ufe0f Checking repository: D:\Bitnami\wampstack-5.6.40-1\apache2\htdocs\enlite\enlite\enlite
2025-11-21 23:08:06,830 - \u26d4 Not a valid Git repository, skipping: D:\Bitnami\wampstack-5.6.40-1\apache2\htdocs\enlite\enlite\enlite
2025-11-21 23:08:06,858 - 
\u27a1\ufe0f Checking repository: D:\Bitnami\wampstack-5.6.40-1\apache2\htdocs\filemanager-admin
2025-11-21 23:08:06,895 - \u26d4 Not a valid Git repository, skipping: D:\Bitnami\wampstack-5.6.40-1\apache2\htdocs\filemanager-admin
2025-11-21 23:08:06,910 - 
\u27a1\ufe0f Checking repository: D:\Bitnami\wampstack-5.6.40-1\apache2\htdocs\a1security
2025-11-21 23:08:06,946 - \u26d4 Not a valid Git repository, skipping: D:\Bitnami\wampstack-5.6.40-1\apache2\htdocs\a1security
2025-11-21 23:08:07,317 - 
\u27a1\ufe0f Checking repository: D:\HMS - Kolkata1
2025-11-21 23:08:07,360 - \u26d4 Not a valid Git repository, skipping: D:\HMS - Kolkata1
2025-11-21 23:08:07,691 - 
\u27a1\ufe0f Checking repository: D:\EnLite\EnliteFinal
2025-11-21 23:08:07,729 - \u26d4 Not a valid Git repository, skipping: D:\EnLite\EnliteFinal
2025-11-21 23:08:07,730 - 
\u27a1\ufe0f Checking repository: D:\EnLite\Enlite
2025-11-21 23:08:07,770 - \u26d4 Not a valid Git repository, skipping: D:\EnLite\Enlite
2025-11-21 23:08:07,771 - 
\u27a1\ufe0f Checking repository: D:\EnLite\websync
2025-11-21 23:08:07,808 - \u26d4 Not a valid Git repository, skipping: D:\EnLite\websync
2025-11-21 23:08:08,447 - 
\u27a1\ufe0f Checking repository: D:\androidprjs\Actronix
2025-11-21 23:08:08,484 - \u26d4 Not a valid Git repository, skipping: D:\androidprjs\Actronix
2025-11-21 23:08:08,628 - 
\u27a1\ufe0f Checking repository: D:\androidprjs\NexusTrack
2025-11-21 23:08:08,667 - \u26d4 Not a valid Git repository, skipping: D:\androidprjs\NexusTrack
2025-11-21 23:08:08,828 - 
\u27a1\ufe0f Checking repository: D:\Visual-Studio-Projects\ctkartsync
2025-11-21 23:08:08,867 - \u26d4 Not a valid Git repository, skipping: D:\Visual-Studio-Projects\ctkartsync
2025-11-21 23:08:08,889 - 
\u27a1\ufe0f Checking repository: D:\Visual-Studio-Projects\EnliteApiServer\AccessApiServer
2025-11-21 23:08:08,925 - \u26d4 Not a valid Git repository, skipping: D:\Visual-Studio-Projects\EnliteApiServer\AccessApiServer
2025-11-21 23:08:08,925 - 
\u27a1\ufe0f Checking repository: D:\Visual-Studio-Projects\Face-Detection
2025-11-21 23:08:08,961 - \u26d4 Not a valid Git repository, skipping: D:\Visual-Studio-Projects\Face-Detection
2025-11-21 23:08:08,962 - 
\u27a1\ufe0f Checking repository: D:\Visual-Studio-Projects\Face-Detection2
2025-11-21 23:08:09,000 - \u26d4 Not a valid Git repository, skipping: D:\Visual-Studio-Projects\Face-Detection2
2025-11-21 23:08:09,168 - 
\u27a1\ufe0f Checking repository: D:\Visual-Studio-Projects\kutuprojects\FaceRecognition
2025-11-21 23:08:09,205 - \u26d4 Not a valid Git repository, skipping: D:\Visual-Studio-Projects\kutuprojects\FaceRecognition
2025-11-21 23:08:09,317 - 
\u27a1\ufe0f Checking repository: D:\Visual-Studio-Projects\WpfCameraAForge
2025-11-21 23:08:09,354 - \u26d4 Not a valid Git repository, skipping: D:\Visual-Studio-Projects\WpfCameraAForge
2025-11-21 23:08:09,406 - 
\u27a1\ufe0f Checking repository: D:\Visual-Studio-Projects\NewEnlite
2025-11-21 23:08:09,483 - \u2713 No changes found
2025-11-21 23:08:09,483 - 
\u27a1\ufe0f Checking repository: D:\Visual-Studio-Projects\LocaApiServerAccess
2025-11-21 23:08:09,566 - \u2713 No changes found
2025-11-21 23:08:09,566 - 
\u27a1\ufe0f Checking repository: D:\Visual-Studio-Projects\ImageRecieverHost
2025-11-21 23:08:09,651 - \u2713 No changes found
2025-11-21 23:08:09,671 - 
\u27a1\ufe0f Checking repository: D:\python\gstRPA\simple-captcha-solver
2025-11-21 23:08:09,707 - \u26d4 Not a valid Git repository, skipping: D:\python\gstRPA\simple-captcha-solver
2025-11-21 23:08:09,708 - 
\u27a1\ufe0f Checking repository: D:\python\ocr_invoice_pipeline
2025-11-21 23:08:09,746 - \u26d4 Not a valid Git repository, skipping: D:\python\ocr_invoice_pipeline
2025-11-21 23:08:09,810 - 
\u27a1\ufe0f Checking repository: D:\python\webcamview
2025-11-21 23:08:09,846 - \u26d4 Not a valid Git repository, skipping: D:\python\webcamview
2025-11-21 23:08:09,848 - 
\u27a1\ufe0f Checking repository: D:\python\huging-face\model\surreal-ai-generator
2025-11-21 23:08:09,926 - \u2713 No changes found
2025-11-21 23:08:09,928 - 
\u27a1\ufe0f Checking repository: D:\electron\nexus-admin
2025-11-21 23:08:09,963 - \u26d4 Not a valid Git repository, skipping: D:\electron\nexus-admin
2025-11-21 23:08:11,567 - 
\U0001f50d Scanning drive: F:\
2025-11-21 23:08:12,048 - 
\U0001f50d Scanning drive: I:\
2025-11-21 23:08:12,053 - 
\u27a1\ufe0f Checking repository: I:\desktop_D-drive(ssd)\AdityaA1\A1SECURITY\abco
2025-11-21 23:08:12,090 - \u26d4 Not a valid Git repository, skipping: I:\desktop_D-drive(ssd)\AdityaA1\A1SECURITY\abco
2025-11-21 23:08:12,095 - 
\u27a1\ufe0f Checking repository: I:\desktop_D-drive(ssd)\AdityaA1\A1SecurityOnline
2025-11-21 23:08:12,131 - \u26d4 Not a valid Git repository, skipping: I:\desktop_D-drive(ssd)\AdityaA1\A1SecurityOnline
2025-11-21 23:08:12,132 - 
\u27a1\ufe0f Checking repository: I:\desktop_D-drive(ssd)\AdityaA1\A1SecurityOnline - Copy
2025-11-21 23:08:12,171 - \u26d4 Not a valid Git repository, skipping: I:\desktop_D-drive(ssd)\AdityaA1\A1SecurityOnline - Copy
2025-11-21 23:08:12,173 - 
\u27a1\ufe0f Checking repository: I:\desktop_D-drive(ssd)\Allishan
2025-11-21 23:08:12,209 - \u26d4 Not a valid Git repository, skipping: I:\desktop_D-drive(ssd)\Allishan
2025-11-21 23:08:12,878 - 
\u27a1\ufe0f Checking repository: I:\desktop_D-drive(ssd)\consornac\api\vendor\maatwebsite\excel
2025-11-21 23:08:12,918 - \u26d4 Not a valid Git repository, skipping: I:\desktop_D-drive(ssd)\consornac\api\vendor\maatwebsite\excel
2025-11-21 23:08:12,940 - 
\u27a1\ufe0f Checking repository: I:\desktop_D-drive(ssd)\consornac\api\vendor\phpoffice\phpexcel
2025-11-21 23:08:12,981 - \u26d4 Not a valid Git repository, skipping: I:\desktop_D-drive(ssd)\consornac\api\vendor\phpoffice\phpexcel
2025-11-21 23:08:14,399 - 
\u27a1\ufe0f Checking repository: I:\desktop_D-drive(ssd)\webapps\allishan\Allishan
2025-11-21 23:08:14,438 - \u26d4 Not a valid Git repository, skipping: I:\desktop_D-drive(ssd)\webapps\allishan\Allishan
2025-11-21 23:08:14,451 - 
\u27a1\ufe0f Checking repository: I:\desktop_D-drive(ssd)\webapps\api
2025-11-21 23:08:14,487 - \u26d4 Not a valid Git repository, skipping: I:\desktop_D-drive(ssd)\webapps\api
2025-11-21 23:08:14,552 - 
\u27a1\ufe0f Checking repository: I:\desktop_D-drive(ssd)\webapps\EcomAPI
2025-11-21 23:08:14,585 - \u26d4 Not a valid Git repository, skipping: I:\desktop_D-drive(ssd)\webapps\EcomAPI
2025-11-21 23:08:14,587 - 
\u27a1\ufe0f Checking repository: I:\desktop_D-drive(ssd)\webapps\enlite\enlite\enlite
2025-11-21 23:08:14,622 - \u26d4 Not a valid Git repository, skipping: I:\desktop_D-drive(ssd)\webapps\enlite\enlite\enlite
2025-11-21 23:08:14,828 - 
\u27a1\ufe0f Checking repository: I:\desktop_D-drive(ssd)\Visual-Studio-Projects\ctkartsync
2025-11-21 23:08:14,863 - \u26d4 Not a valid Git repository, skipping: I:\desktop_D-drive(ssd)\Visual-Studio-Projects\ctkartsync
2025-11-21 23:08:14,884 - 
\u27a1\ufe0f Checking repository: I:\desktop_D-drive(ssd)\Visual-Studio-Projects\EnliteApiServer\AccessApiServer
2025-11-21 23:08:14,921 - \u26d4 Not a valid Git repository, skipping: I:\desktop_D-drive(ssd)\Visual-Studio-Projects\EnliteApiServer\AccessApiServer
2025-11-21 23:08:14,922 - 
\u27a1\ufe0f Checking repository: I:\desktop_D-drive(ssd)\Visual-Studio-Projects\Face-Detection
2025-11-21 23:08:14,956 - \u26d4 Not a valid Git repository, skipping: I:\desktop_D-drive(ssd)\Visual-Studio-Projects\Face-Detection
2025-11-21 23:08:14,957 - 
\u27a1\ufe0f Checking repository: I:\desktop_D-drive(ssd)\Visual-Studio-Projects\Face-Detection2
2025-11-21 23:08:14,993 - \u26d4 Not a valid Git repository, skipping: I:\desktop_D-drive(ssd)\Visual-Studio-Projects\Face-Detection2
2025-11-21 23:08:15,159 - 
\u27a1\ufe0f Checking repository: I:\desktop_D-drive(ssd)\Visual-Studio-Projects\kutuprojects\FaceRecognition
2025-11-21 23:08:15,198 - \u26d4 Not a valid Git repository, skipping: I:\desktop_D-drive(ssd)\Visual-Studio-Projects\kutuprojects\FaceRecognition
2025-11-21 23:08:15,311 - 
\u27a1\ufe0f Checking repository: I:\desktop_D-drive(ssd)\Visual-Studio-Projects\WpfCameraAForge
2025-11-21 23:08:15,347 - \u26d4 Not a valid Git repository, skipping: I:\desktop_D-drive(ssd)\Visual-Studio-Projects\WpfCameraAForge
2025-11-21 23:08:15,352 - 
\u27a1\ufe0f Checking repository: I:\desktop_D-drive(ssd)\Enlite\Enlite
2025-11-21 23:08:15,411 - \u26d4 Not a valid Git repository, skipping: I:\desktop_D-drive(ssd)\Enlite\Enlite
2025-11-21 23:08:15,412 - 
\u27a1\ufe0f Checking repository: I:\desktop_D-drive(ssd)\Enlite\websync
2025-11-21 23:08:15,446 - \u26d4 Not a valid Git repository, skipping: I:\desktop_D-drive(ssd)\Enlite\websync
2025-11-21 23:08:15,465 - 
\u27a1\ufe0f Checking repository: I:\desktop_D-drive(ssd)\HMS - Kolkata1
2025-11-21 23:08:15,501 - \u26d4 Not a valid Git repository, skipping: I:\desktop_D-drive(ssd)\HMS - Kolkata1
2025-11-21 23:08:15,549 - 
\u27a1\ufe0f Checking repository: I:\desktop_D-drive(ssd)\python\gstRPA\simple-captcha-solver
2025-11-21 23:08:15,586 - \u26d4 Not a valid Git repository, skipping: I:\desktop_D-drive(ssd)\python\gstRPA\simple-captcha-solver
2025-11-21 23:08:15,586 - 
\u27a1\ufe0f Checking repository: I:\desktop_D-drive(ssd)\python\ocr_invoice_pipeline
2025-11-21 23:08:15,625 - \u26d4 Not a valid Git repository, skipping: I:\desktop_D-drive(ssd)\python\ocr_invoice_pipeline
2025-11-21 23:08:15,690 - 
\u27a1\ufe0f Checking repository: I:\desktop_D-drive(ssd)\python\webcamview
2025-11-21 23:08:15,724 - \u26d4 Not a valid Git repository, skipping: I:\desktop_D-drive(ssd)\python\webcamview
2025-11-21 23:08:16,148 - 
\u27a1\ufe0f Checking repository: I:\pythonprj\testprgs
2025-11-21 23:08:16,277 - \u2713 No changes found
2025-11-21 23:08:17,058 - 
\u27a1\ufe0f Checking repository: I:\pythonprj\gitautopush
2025-11-21 23:08:17,136 - \U0001f4dd Changes found \u2192 committing...
2025-11-21 23:08:17,552 - \U0001f4e4 Pushing to remote...
2025-11-21 23:08:19,419 - \u2714 Successfully pushed changes from: I:\pythonprj\gitautopush
2025-11-21 23:08:19,438 - 
\u27a1\ufe0f Checking repository: I:\documents\NetBeansProjects\patholab
2025-11-21 23:08:19,474 - \u26d4 Not a valid Git repository, skipping: I:\documents\NetBeansProjects\patholab
2025-11-21 23:08:19,479 - 
\u27a1\ufe0f Checking repository: I:\electron\employ-track-map-view
2025-11-21 23:08:19,517 - \u26d4 Not a valid Git repository, skipping: I:\electron\employ-track-map-view
2025-11-21 23:08:20,009 - 
\U0001f50d Scanning drive: J:\
2025-11-21 23:08:20,308 - 
\u27a1\ufe0f Checking repository: J:\restored\SpeedRecovery\01 New Volume (H ) Normal files  (1175711 files)\found.000\dir0155.chk\EnliteFinal
2025-11-21 23:08:20,344 - \u26d4 Not a valid Git repository, skipping: J:\restored\SpeedRecovery\01 New Volume (H ) Normal files  (1175711 files)\found.000\dir0155.chk\EnliteFinal
2025-11-21 23:08:20,350 - 
\u27a1\ufe0f Checking repository: J:\restored\SpeedRecovery\01 New Volume (H ) Normal files  (1175711 files)\found.000\dir0155.chk\EnliteFinal-docker
2025-11-21 23:08:20,388 - \u26d4 Not a valid Git repository, skipping: J:\restored\SpeedRecovery\01 New Volume (H ) Normal files  (1175711 files)\found.000\dir0155.chk\EnliteFinal-docker
2025-11-21 23:08:20,568 - 
\u27a1\ufe0f Checking repository: J:\webapps\api
2025-11-21 23:08:20,606 - \u26d4 Not a valid Git repository, skipping: J:\webapps\api
2025-11-21 23:08:20,679 - 
\u27a1\ufe0f Checking repository: J:\webapps\EcomAPI
2025-11-21 23:08:20,716 - \u26d4 Not a valid Git repository, skipping: J:\webapps\EcomAPI
2025-11-21 23:08:20,718 - 
\u27a1\ufe0f Checking repository: J:\webapps\enlite\enlite\enlite
2025-11-21 23:08:20,759 - \u26d4 Not a valid Git repository, skipping: J:\webapps\enlite\enlite\enlite
2025-11-21 23:08:20,858 - 
==============================
2025-11-21 23:08:20,858 - \U0001f3c1 Completed scanning all drives

2025-11-21 23:08:20,858 - ==============================

2025-11-21 23:16:38,989 - ===== Git Auto Push Started =====
2025-11-21 23:16:39,755 - === Showing Git Credential Configuration ===
2025-11-21 23:16:40,441 - --- Global Config ---
user.email=acharyaabinash.1973@gmail.com
user.name=Abinash Acharya
filter.lfs.required=true
filter.lfs.clean=git-lfs clean -- %f
filter.lfs.smudge=git-lfs smudge -- %f
filter.lfs.process=git-lfs filter-process
core.editor="C:\Users\ABINASH\AppData\Local\Programs\Microsoft VS Code Insiders\bin\code-insiders" --wait
credential.https://huggingface.co.provider=generic
safe.directory=D:/python/huging-face/model/surreal-ai-generator
safe.directory=I:/pythonprj/testprgs/inv-olmocr-api
safe.directory=I:/pythonprj/gitautopush
safe.directory=I:/pythonprj/testprgs
safe.directory=D:/Visual-Studio-Projects/LocaApiServerAccess
safe.directory=D:/Visual-Studio-Projects/ImageRecieverHost
safe.directory=D:/Visual-Studio-Projects/NewEnlite
2025-11-21 23:16:41,364 - --- System Config ---
diff.astextplain.textconv=astextplain
filter.lfs.clean=git-lfs clean -- %f
filter.lfs.smudge=git-lfs smudge -- %f
filter.lfs.process=git-lfs filter-process
filter.lfs.required=true
http.sslbackend=openssl
http.sslcainfo=C:/Program Files/Git/mingw64/etc/ssl/certs/ca-bundle.crt
core.autocrlf=true
core.fscache=true
core.symlinks=true
pull.rebase=false
credential.helper=manager
credential.https://dev.azure.com.usehttppath=true
init.defaultbranch=master
2025-11-21 23:16:42,276 - --- Local Config ---
core.repositoryformatversion=0
core.filemode=false
core.bare=false
core.logallrefupdates=true
core.symlinks=false
core.ignorecase=true
remote.origin.url=https://github.com/AbinashAcharya1973/autopush.git
remote.origin.fetch=+refs/heads/*:refs/remotes/origin/*
branch.main.remote=origin
branch.main.merge=refs/heads/main
2025-11-21 23:16:43,031 - === End Git Config ===
2025-11-21 23:16:43,715 - \U0001f50d Scanning drive: D:\
2025-11-21 23:16:44,535 - \u2192 Checking repo: D:\reactjs\nexus-admin
2025-11-21 23:16:45,328 - \u2718 Invalid or missing remote in D:\reactjs\nexus-admin. Skipping.
2025-11-21 23:16:46,060 - \u2192 Checking repo: D:\Bitnami\wampstack-5.6.40-1\apache2\htdocs\allishan\Allishan
2025-11-21 23:16:46,751 - \u2718 Invalid or missing remote in D:\Bitnami\wampstack-5.6.40-1\apache2\htdocs\allishan\Allishan. Skipping.
2025-11-21 23:16:47,408 - \u2192 Checking repo: D:\Bitnami\wampstack-5.6.40-1\apache2\htdocs\api
2025-11-21 23:16:48,100 - \u2718 Invalid or missing remote in D:\Bitnami\wampstack-5.6.40-1\apache2\htdocs\api. Skipping.
2025-11-21 23:16:48,801 - \u2192 Checking repo: D:\Bitnami\wampstack-5.6.40-1\apache2\htdocs\EcomAPI
2025-11-21 23:16:49,547 - \u2718 Invalid or missing remote in D:\Bitnami\wampstack-5.6.40-1\apache2\htdocs\EcomAPI. Skipping.
2025-11-21 23:16:50,224 - \u2192 Checking repo: D:\Bitnami\wampstack-5.6.40-1\apache2\htdocs\enlite\enlite\enlite
2025-11-21 23:16:50,964 - \u2718 Invalid or missing remote in D:\Bitnami\wampstack-5.6.40-1\apache2\htdocs\enlite\enlite\enlite. Skipping.
2025-11-21 23:16:51,654 - \u2192 Checking repo: D:\Bitnami\wampstack-5.6.40-1\apache2\htdocs\filemanager-admin
2025-11-21 23:16:52,318 - \u2718 Invalid or missing remote in D:\Bitnami\wampstack-5.6.40-1\apache2\htdocs\filemanager-admin. Skipping.
2025-11-21 23:16:52,993 - \u2192 Checking repo: D:\Bitnami\wampstack-5.6.40-1\apache2\htdocs\a1security
2025-11-21 23:16:53,688 - \u2718 Invalid or missing remote in D:\Bitnami\wampstack-5.6.40-1\apache2\htdocs\a1security. Skipping.
2025-11-21 23:16:54,695 - \u2192 Checking repo: D:\HMS - Kolkata1
2025-11-21 23:16:55,372 - \u2718 Invalid or missing remote in D:\HMS - Kolkata1. Skipping.
2025-11-21 23:16:56,344 - \u2192 Checking repo: D:\EnLite\EnliteFinal
2025-11-21 23:16:57,007 - \u2718 Invalid or missing remote in D:\EnLite\EnliteFinal. Skipping.
2025-11-21 23:16:57,682 - \u2192 Checking repo: D:\EnLite\Enlite
2025-11-21 23:16:58,451 - \u2718 Invalid or missing remote in D:\EnLite\Enlite. Skipping.
2025-11-21 23:16:59,098 - \u2192 Checking repo: D:\EnLite\websync
2025-11-21 23:17:00,025 - \u2718 Invalid or missing remote in D:\EnLite\websync. Skipping.
2025-11-21 23:17:01,366 - \u2192 Checking repo: D:\androidprjs\Actronix
2025-11-21 23:17:02,155 - \u2718 Invalid or missing remote in D:\androidprjs\Actronix. Skipping.
2025-11-21 23:17:02,951 - \u2192 Checking repo: D:\androidprjs\NexusTrack
2025-11-21 23:17:03,655 - \u2718 Invalid or missing remote in D:\androidprjs\NexusTrack. Skipping.
2025-11-21 23:17:05,513 - \u2192 Checking repo: D:\Visual-Studio-Projects\ctkartsync
2025-11-21 23:17:06,260 - \u2718 Invalid or missing remote in D:\Visual-Studio-Projects\ctkartsync. Skipping.
2025-11-21 23:17:06,961 - \u2192 Checking repo: D:\Visual-Studio-Projects\EnliteApiServer\AccessApiServer
2025-11-21 23:17:07,665 - \u2718 Invalid or missing remote in D:\Visual-Studio-Projects\EnliteApiServer\AccessApiServer. Skipping.
2025-11-21 23:17:08,351 - \u2192 Checking repo: D:\Visual-Studio-Projects\Face-Detection
2025-11-21 23:17:09,123 - \u2718 Invalid or missing remote in D:\Visual-Studio-Projects\Face-Detection. Skipping.
2025-11-21 23:17:09,913 - \u2192 Checking repo: D:\Visual-Studio-Projects\Face-Detection2
2025-11-21 23:17:10,763 - \u2718 Invalid or missing remote in D:\Visual-Studio-Projects\Face-Detection2. Skipping.
2025-11-21 23:17:11,587 - \u2192 Checking repo: D:\Visual-Studio-Projects\kutuprojects\FaceRecognition
2025-11-21 23:17:12,248 - \u2718 Invalid or missing remote in D:\Visual-Studio-Projects\kutuprojects\FaceRecognition. Skipping.
2025-11-21 23:17:13,007 - \u2192 Checking repo: D:\Visual-Studio-Projects\WpfCameraAForge
2025-11-21 23:17:13,693 - \u2718 Invalid or missing remote in D:\Visual-Studio-Projects\WpfCameraAForge. Skipping.
2025-11-21 23:17:14,418 - \u2192 Checking repo: D:\Visual-Studio-Projects\NewEnlite
2025-11-21 23:17:15,182 - \u2713 No changes in D:\Visual-Studio-Projects\NewEnlite
2025-11-21 23:17:16,044 - \u2192 Checking repo: D:\Visual-Studio-Projects\LocaApiServerAccess
2025-11-21 23:17:16,774 - \u2713 No changes in D:\Visual-Studio-Projects\LocaApiServerAccess
2025-11-21 23:17:17,408 - \u2192 Checking repo: D:\Visual-Studio-Projects\ImageRecieverHost
2025-11-21 23:17:18,121 - \u2713 No changes in D:\Visual-Studio-Projects\ImageRecieverHost
2025-11-21 23:17:18,775 - \u2192 Checking repo: D:\python\gstRPA\simple-captcha-solver
2025-11-21 23:17:19,414 - \u2718 Invalid or missing remote in D:\python\gstRPA\simple-captcha-solver. Skipping.
2025-11-21 23:17:20,096 - \u2192 Checking repo: D:\python\ocr_invoice_pipeline
2025-11-21 23:17:20,734 - \u2718 Invalid or missing remote in D:\python\ocr_invoice_pipeline. Skipping.
2025-11-21 23:17:21,399 - \u2192 Checking repo: D:\python\webcamview
2025-11-21 23:17:22,097 - \u2718 Invalid or missing remote in D:\python\webcamview. Skipping.
2025-11-21 23:17:22,793 - \u2192 Checking repo: D:\python\huging-face\model\surreal-ai-generator
2025-11-21 23:17:23,494 - \u2713 No changes in D:\python\huging-face\model\surreal-ai-generator
2025-11-21 23:17:24,154 - \u2192 Checking repo: D:\electron\nexus-admin
2025-11-21 23:17:24,795 - \u2718 Invalid or missing remote in D:\electron\nexus-admin. Skipping.
2025-11-21 23:17:26,926 - \U0001f50d Scanning drive: F:\
2025-11-21 23:17:28,027 - \U0001f50d Scanning drive: I:\
2025-11-21 23:17:28,677 - \u2192 Checking repo: I:\desktop_D-drive(ssd)\AdityaA1\A1SECURITY\abco
2025-11-21 23:17:29,318 - \u2718 Invalid or missing remote in I:\desktop_D-drive(ssd)\AdityaA1\A1SECURITY\abco. Skipping.
2025-11-21 23:17:30,026 - \u2192 Checking repo: I:\desktop_D-drive(ssd)\AdityaA1\A1SecurityOnline
2025-11-21 23:17:30,707 - \u2718 Invalid or missing remote in I:\desktop_D-drive(ssd)\AdityaA1\A1SecurityOnline. Skipping.
2025-11-21 23:17:31,365 - \u2192 Checking repo: I:\desktop_D-drive(ssd)\AdityaA1\A1SecurityOnline - Copy
2025-11-21 23:17:32,106 - \u2718 Invalid or missing remote in I:\desktop_D-drive(ssd)\AdityaA1\A1SecurityOnline - Copy. Skipping.
2025-11-21 23:17:32,712 - \u2192 Checking repo: I:\desktop_D-drive(ssd)\Allishan
2025-11-21 23:17:33,362 - \u2718 Invalid or missing remote in I:\desktop_D-drive(ssd)\Allishan. Skipping.
2025-11-21 23:17:34,698 - \u2192 Checking repo: I:\desktop_D-drive(ssd)\consornac\api\vendor\maatwebsite\excel
2025-11-21 23:17:35,352 - \u2718 Invalid or missing remote in I:\desktop_D-drive(ssd)\consornac\api\vendor\maatwebsite\excel. Skipping.
2025-11-21 23:17:36,035 - \u2192 Checking repo: I:\desktop_D-drive(ssd)\consornac\api\vendor\phpoffice\phpexcel
2025-11-21 23:17:36,672 - \u2718 Invalid or missing remote in I:\desktop_D-drive(ssd)\consornac\api\vendor\phpoffice\phpexcel. Skipping.
2025-11-21 23:17:38,765 - \u2192 Checking repo: I:\desktop_D-drive(ssd)\webapps\allishan\Allishan
2025-11-21 23:17:39,444 - \u2718 Invalid or missing remote in I:\desktop_D-drive(ssd)\webapps\allishan\Allishan. Skipping.
2025-11-21 23:17:40,255 - \u2192 Checking repo: I:\desktop_D-drive(ssd)\webapps\api
2025-11-21 23:17:40,942 - \u2718 Invalid or missing remote in I:\desktop_D-drive(ssd)\webapps\api. Skipping.
2025-11-21 23:17:41,657 - \u2192 Checking repo: I:\desktop_D-drive(ssd)\webapps\EcomAPI
2025-11-21 23:17:42,447 - \u2718 Invalid or missing remote in I:\desktop_D-drive(ssd)\webapps\EcomAPI. Skipping.
2025-11-21 23:17:43,074 - \u2192 Checking repo: I:\desktop_D-drive(ssd)\webapps\enlite\enlite\enlite
2025-11-21 23:17:43,743 - \u2718 Invalid or missing remote in I:\desktop_D-drive(ssd)\webapps\enlite\enlite\enlite. Skipping.
2025-11-21 23:17:44,575 - \u2192 Checking repo: I:\desktop_D-drive(ssd)\Visual-Studio-Projects\ctkartsync
2025-11-21 23:17:45,264 - \u2718 Invalid or missing remote in I:\desktop_D-drive(ssd)\Visual-Studio-Projects\ctkartsync. Skipping.
2025-11-21 23:17:46,248 - \u2192 Checking repo: I:\desktop_D-drive(ssd)\Visual-Studio-Projects\EnliteApiServer\AccessApiServer
2025-11-21 23:17:46,916 - \u2718 Invalid or missing remote in I:\desktop_D-drive(ssd)\Visual-Studio-Projects\EnliteApiServer\AccessApiServer. Skipping.
2025-11-21 23:17:47,544 - \u2192 Checking repo: I:\desktop_D-drive(ssd)\Visual-Studio-Projects\Face-Detection
2025-11-21 23:17:48,203 - \u2718 Invalid or missing remote in I:\desktop_D-drive(ssd)\Visual-Studio-Projects\Face-Detection. Skipping.
2025-11-21 23:17:48,847 - \u2192 Checking repo: I:\desktop_D-drive(ssd)\Visual-Studio-Projects\Face-Detection2
2025-11-21 23:17:49,483 - \u2718 Invalid or missing remote in I:\desktop_D-drive(ssd)\Visual-Studio-Projects\Face-Detection2. Skipping.
2025-11-21 23:17:50,348 - \u2192 Checking repo: I:\desktop_D-drive(ssd)\Visual-Studio-Projects\kutuprojects\FaceRecognition
2025-11-21 23:17:51,153 - \u2718 Invalid or missing remote in I:\desktop_D-drive(ssd)\Visual-Studio-Projects\kutuprojects\FaceRecognition. Skipping.
2025-11-21 23:17:52,321 - \u2192 Checking repo: I:\desktop_D-drive(ssd)\Visual-Studio-Projects\WpfCameraAForge
2025-11-21 23:17:52,983 - \u2718 Invalid or missing remote in I:\desktop_D-drive(ssd)\Visual-Studio-Projects\WpfCameraAForge. Skipping.
2025-11-21 23:17:53,601 - \u2192 Checking repo: I:\desktop_D-drive(ssd)\Enlite\Enlite
2025-11-21 23:17:54,328 - \u2718 Invalid or missing remote in I:\desktop_D-drive(ssd)\Enlite\Enlite. Skipping.
2025-11-21 23:17:54,949 - \u2192 Checking repo: I:\desktop_D-drive(ssd)\Enlite\websync
2025-11-21 23:17:55,634 - \u2718 Invalid or missing remote in I:\desktop_D-drive(ssd)\Enlite\websync. Skipping.
2025-11-21 23:17:56,312 - \u2192 Checking repo: I:\desktop_D-drive(ssd)\HMS - Kolkata1
2025-11-21 23:17:57,012 - \u2718 Invalid or missing remote in I:\desktop_D-drive(ssd)\HMS - Kolkata1. Skipping.
2025-11-21 23:17:57,663 - \u2192 Checking repo: I:\desktop_D-drive(ssd)\python\gstRPA\simple-captcha-solver
2025-11-21 23:17:58,447 - \u2718 Invalid or missing remote in I:\desktop_D-drive(ssd)\python\gstRPA\simple-captcha-solver. Skipping.
2025-11-21 23:17:59,063 - \u2192 Checking repo: I:\desktop_D-drive(ssd)\python\ocr_invoice_pipeline
2025-11-21 23:17:59,778 - \u2718 Invalid or missing remote in I:\desktop_D-drive(ssd)\python\ocr_invoice_pipeline. Skipping.
2025-11-21 23:18:00,445 - \u2192 Checking repo: I:\desktop_D-drive(ssd)\python\webcamview
2025-11-21 23:18:01,190 - \u2718 Invalid or missing remote in I:\desktop_D-drive(ssd)\python\webcamview. Skipping.
2025-11-21 23:18:02,280 - \u2192 Checking repo: I:\pythonprj\testprgs
2025-11-21 23:18:03,023 - \u2713 No changes in I:\pythonprj\testprgs
2025-11-21 23:18:04,497 - \u2192 Checking repo: I:\pythonprj\gitautopush
2025-11-21 23:18:07,689 - \u2714 Pushed changes from I:\pythonprj\gitautopush
2025-11-21 23:18:08,386 - \u2192 Checking repo: I:\documents\NetBeansProjects\patholab
2025-11-21 23:18:09,068 - \u2718 Invalid or missing remote in I:\documents\NetBeansProjects\patholab. Skipping.
2025-11-21 23:18:09,762 - \u2192 Checking repo: I:\electron\employ-track-map-view
2025-11-21 23:18:10,452 - \u2718 Invalid or missing remote in I:\electron\employ-track-map-view. Skipping.
2025-11-21 23:18:11,632 - \U0001f50d Scanning drive: J:\
2025-11-21 23:18:12,717 - \u2192 Checking repo: J:\restored\SpeedRecovery\01 New Volume (H ) Normal files  (1175711 files)\found.000\dir0155.chk\EnliteFinal
2025-11-21 23:18:13,427 - \u2718 Invalid or missing remote in J:\restored\SpeedRecovery\01 New Volume (H ) Normal files  (1175711 files)\found.000\dir0155.chk\EnliteFinal. Skipping.
2025-11-21 23:18:14,091 - \u2192 Checking repo: J:\restored\SpeedRecovery\01 New Volume (H ) Normal files  (1175711 files)\found.000\dir0155.chk\EnliteFinal-docker
2025-11-21 23:18:15,045 - \u2718 Invalid or missing remote in J:\restored\SpeedRecovery\01 New Volume (H ) Normal files  (1175711 files)\found.000\dir0155.chk\EnliteFinal-docker. Skipping.
2025-11-21 23:18:15,828 - \u2192 Checking repo: J:\webapps\api
2025-11-21 23:18:16,549 - \u2718 Invalid or missing remote in J:\webapps\api. Skipping.
2025-11-21 23:18:17,249 - \u2192 Checking repo: J:\webapps\EcomAPI
2025-11-21 23:18:17,963 - \u2718 Invalid or missing remote in J:\webapps\EcomAPI. Skipping.
2025-11-21 23:18:18,582 - \u2192 Checking repo: J:\webapps\enlite\enlite\enlite
2025-11-21 23:18:19,219 - \u2718 Invalid or missing remote in J:\webapps\enlite\enlite\enlite. Skipping.
2025-11-21 23:18:19,950 - ===== Execution Completed =====
2025-11-22 01:17:20,432 - 
==============================
2025-11-22 01:17:20,433 - \U0001f680 Starting Windows Git Auto Push
2025-11-22 01:17:20,433 - ==============================
2025-11-22 01:17:20,433 - 
\U0001f50d Scanning drive: D:\
2025-11-22 01:17:20,436 - 
\u27a1\ufe0f Checking repository: D:\reactjs\nexus-admin
2025-11-22 01:17:20,481 - \u26d4 Not a valid Git repository, skipping: D:\reactjs\nexus-admin
2025-11-22 01:17:20,528 - 
\u27a1\ufe0f Checking repository: D:\Bitnami\wampstack-5.6.40-1\apache2\htdocs\allishan\Allishan
2025-11-22 01:17:20,576 - \u26d4 Not a valid Git repository, skipping: D:\Bitnami\wampstack-5.6.40-1\apache2\htdocs\allishan\Allishan
2025-11-22 01:17:20,589 - 
\u27a1\ufe0f Checking repository: D:\Bitnami\wampstack-5.6.40-1\apache2\htdocs\api
2025-11-22 01:17:20,631 - \u26d4 Not a valid Git repository, skipping: D:\Bitnami\wampstack-5.6.40-1\apache2\htdocs\api
2025-11-22 01:17:20,696 - 
\u27a1\ufe0f Checking repository: D:\Bitnami\wampstack-5.6.40-1\apache2\htdocs\EcomAPI
2025-11-22 01:17:20,734 - \u26d4 Not a valid Git repository, skipping: D:\Bitnami\wampstack-5.6.40-1\apache2\htdocs\EcomAPI
2025-11-22 01:17:20,736 - 
\u27a1\ufe0f Checking repository: D:\Bitnami\wampstack-5.6.40-1\apache2\htdocs\enlite\enlite\enlite
2025-11-22 01:17:20,775 - \u26d4 Not a valid Git repository, skipping: D:\Bitnami\wampstack-5.6.40-1\apache2\htdocs\enlite\enlite\enlite
2025-11-22 01:17:20,803 - 
\u27a1\ufe0f Checking repository: D:\Bitnami\wampstack-5.6.40-1\apache2\htdocs\filemanager-admin
2025-11-22 01:17:20,844 - \u26d4 Not a valid Git repository, skipping: D:\Bitnami\wampstack-5.6.40-1\apache2\htdocs\filemanager-admin
2025-11-22 01:17:20,867 - 
\u27a1\ufe0f Checking repository: D:\Bitnami\wampstack-5.6.40-1\apache2\htdocs\a1security
2025-11-22 01:17:20,941 - \U0001f4dd Changes found \u2192 committing...
2025-11-22 01:17:21,069 - \U0001f4e4 Pushing to remote...
2025-11-22 01:17:22,835 - \u2714 Successfully pushed changes from: D:\Bitnami\wampstack-5.6.40-1\apache2\htdocs\a1security
2025-11-22 01:17:23,186 - 
\u27a1\ufe0f Checking repository: D:\HMS - Kolkata1
2025-11-22 01:17:23,228 - \u26d4 Not a valid Git repository, skipping: D:\HMS - Kolkata1
2025-11-22 01:17:23,542 - 
\u27a1\ufe0f Checking repository: D:\EnLite\EnliteFinal
2025-11-22 01:17:23,584 - \u26d4 Not a valid Git repository, skipping: D:\EnLite\EnliteFinal
2025-11-22 01:17:23,586 - 
\u27a1\ufe0f Checking repository: D:\EnLite\Enlite
2025-11-22 01:17:23,629 - \u26d4 Not a valid Git repository, skipping: D:\EnLite\Enlite
2025-11-22 01:17:23,630 - 
\u27a1\ufe0f Checking repository: D:\EnLite\websync
2025-11-22 01:17:23,672 - \u26d4 Not a valid Git repository, skipping: D:\EnLite\websync
2025-11-22 01:17:24,253 - 
\u27a1\ufe0f Checking repository: D:\androidprjs\Actronix
2025-11-22 01:17:24,294 - \u26d4 Not a valid Git repository, skipping: D:\androidprjs\Actronix
2025-11-22 01:17:24,437 - 
\u27a1\ufe0f Checking repository: D:\androidprjs\NexusTrack
2025-11-22 01:17:24,480 - \u26d4 Not a valid Git repository, skipping: D:\androidprjs\NexusTrack
2025-11-22 01:17:24,633 - 
\u27a1\ufe0f Checking repository: D:\Visual-Studio-Projects\ctkartsync
2025-11-22 01:17:24,674 - \u26d4 Not a valid Git repository, skipping: D:\Visual-Studio-Projects\ctkartsync
2025-11-22 01:17:24,694 - 
\u27a1\ufe0f Checking repository: D:\Visual-Studio-Projects\EnliteApiServer\AccessApiServer
2025-11-22 01:17:24,734 - \u26d4 Not a valid Git repository, skipping: D:\Visual-Studio-Projects\EnliteApiServer\AccessApiServer
2025-11-22 01:17:24,735 - 
\u27a1\ufe0f Checking repository: D:\Visual-Studio-Projects\Face-Detection
2025-11-22 01:17:24,777 - \u26d4 Not a valid Git repository, skipping: D:\Visual-Studio-Projects\Face-Detection
2025-11-22 01:17:24,777 - 
\u27a1\ufe0f Checking repository: D:\Visual-Studio-Projects\Face-Detection2
2025-11-22 01:17:24,818 - \u26d4 Not a valid Git repository, skipping: D:\Visual-Studio-Projects\Face-Detection2
2025-11-22 01:17:24,980 - 
\u27a1\ufe0f Checking repository: D:\Visual-Studio-Projects\kutuprojects\FaceRecognition
2025-11-22 01:17:25,022 - \u26d4 Not a valid Git repository, skipping: D:\Visual-Studio-Projects\kutuprojects\FaceRecognition
2025-11-22 01:17:25,132 - 
\u27a1\ufe0f Checking repository: D:\Visual-Studio-Projects\WpfCameraAForge
2025-11-22 01:17:25,172 - \u26d4 Not a valid Git repository, skipping: D:\Visual-Studio-Projects\WpfCameraAForge
2025-11-22 01:17:25,224 - 
\u27a1\ufe0f Checking repository: D:\Visual-Studio-Projects\NewEnlite
2025-11-22 01:17:25,325 - \u2713 No changes found
2025-11-22 01:17:25,326 - 
\u27a1\ufe0f Checking repository: D:\Visual-Studio-Projects\LocaApiServerAccess
2025-11-22 01:17:25,426 - \u2713 No changes found
2025-11-22 01:17:25,426 - 
\u27a1\ufe0f Checking repository: D:\Visual-Studio-Projects\ImageRecieverHost
2025-11-22 01:17:25,525 - \u2713 No changes found
2025-11-22 01:17:25,541 - 
\u27a1\ufe0f Checking repository: D:\python\gstRPA\simple-captcha-solver
2025-11-22 01:17:25,582 - \u26d4 Not a valid Git repository, skipping: D:\python\gstRPA\simple-captcha-solver
2025-11-22 01:17:25,583 - 
\u27a1\ufe0f Checking repository: D:\python\ocr_invoice_pipeline
2025-11-22 01:17:25,623 - \u26d4 Not a valid Git repository, skipping: D:\python\ocr_invoice_pipeline
2025-11-22 01:17:25,689 - 
\u27a1\ufe0f Checking repository: D:\python\webcamview
2025-11-22 01:17:25,729 - \u26d4 Not a valid Git repository, skipping: D:\python\webcamview
2025-11-22 01:17:25,731 - 
\u27a1\ufe0f Checking repository: D:\python\huging-face\model\surreal-ai-generator
2025-11-22 01:17:25,828 - \u2713 No changes found
2025-11-22 01:17:25,830 - 
\u27a1\ufe0f Checking repository: D:\electron\nexus-admin
2025-11-22 01:17:25,870 - \u26d4 Not a valid Git repository, skipping: D:\electron\nexus-admin
2025-11-22 01:17:27,306 - 
\U0001f50d Scanning drive: F:\
2025-11-22 01:17:27,832 - 
\U0001f50d Scanning drive: I:\
2025-11-22 01:17:27,836 - 
\u27a1\ufe0f Checking repository: I:\desktop_D-drive(ssd)\AdityaA1\A1SECURITY\abco
2025-11-22 01:17:27,903 - \u26d4 Not a valid Git repository, skipping: I:\desktop_D-drive(ssd)\AdityaA1\A1SECURITY\abco
2025-11-22 01:17:27,906 - 
\u27a1\ufe0f Checking repository: I:\desktop_D-drive(ssd)\AdityaA1\A1SecurityOnline
2025-11-22 01:17:27,963 - \u26d4 Not a valid Git repository, skipping: I:\desktop_D-drive(ssd)\AdityaA1\A1SecurityOnline
2025-11-22 01:17:27,964 - 
\u27a1\ufe0f Checking repository: I:\desktop_D-drive(ssd)\AdityaA1\A1SecurityOnline - Copy
2025-11-22 01:17:28,014 - \u26d4 Not a valid Git repository, skipping: I:\desktop_D-drive(ssd)\AdityaA1\A1SecurityOnline - Copy
2025-11-22 01:17:28,016 - 
\u27a1\ufe0f Checking repository: I:\desktop_D-drive(ssd)\Allishan
2025-11-22 01:17:28,064 - \u26d4 Not a valid Git repository, skipping: I:\desktop_D-drive(ssd)\Allishan
2025-11-22 01:17:28,699 - 
\u27a1\ufe0f Checking repository: I:\desktop_D-drive(ssd)\consornac\api\vendor\maatwebsite\excel
2025-11-22 01:17:28,762 - \u26d4 Not a valid Git repository, skipping: I:\desktop_D-drive(ssd)\consornac\api\vendor\maatwebsite\excel
2025-11-22 01:17:28,780 - 
\u27a1\ufe0f Checking repository: I:\desktop_D-drive(ssd)\consornac\api\vendor\phpoffice\phpexcel
2025-11-22 01:17:28,822 - \u26d4 Not a valid Git repository, skipping: I:\desktop_D-drive(ssd)\consornac\api\vendor\phpoffice\phpexcel
2025-11-22 01:17:30,183 - 
\u27a1\ufe0f Checking repository: I:\desktop_D-drive(ssd)\webapps\allishan\Allishan
2025-11-22 01:17:30,248 - \u26d4 Not a valid Git repository, skipping: I:\desktop_D-drive(ssd)\webapps\allishan\Allishan
2025-11-22 01:17:30,261 - 
\u27a1\ufe0f Checking repository: I:\desktop_D-drive(ssd)\webapps\api
2025-11-22 01:17:30,315 - \u26d4 Not a valid Git repository, skipping: I:\desktop_D-drive(ssd)\webapps\api
2025-11-22 01:17:30,379 - 
\u27a1\ufe0f Checking repository: I:\desktop_D-drive(ssd)\webapps\EcomAPI
2025-11-22 01:17:30,430 - \u26d4 Not a valid Git repository, skipping: I:\desktop_D-drive(ssd)\webapps\EcomAPI
2025-11-22 01:17:30,431 - 
\u27a1\ufe0f Checking repository: I:\desktop_D-drive(ssd)\webapps\enlite\enlite\enlite
2025-11-22 01:17:30,477 - \u26d4 Not a valid Git repository, skipping: I:\desktop_D-drive(ssd)\webapps\enlite\enlite\enlite
2025-11-22 01:17:30,682 - 
\u27a1\ufe0f Checking repository: I:\desktop_D-drive(ssd)\Visual-Studio-Projects\ctkartsync
2025-11-22 01:17:30,757 - \u26d4 Not a valid Git repository, skipping: I:\desktop_D-drive(ssd)\Visual-Studio-Projects\ctkartsync
2025-11-22 01:17:30,778 - 
\u27a1\ufe0f Checking repository: I:\desktop_D-drive(ssd)\Visual-Studio-Projects\EnliteApiServer\AccessApiServer
2025-11-22 01:17:30,826 - \u26d4 Not a valid Git repository, skipping: I:\desktop_D-drive(ssd)\Visual-Studio-Projects\EnliteApiServer\AccessApiServer
2025-11-22 01:17:30,826 - 
\u27a1\ufe0f Checking repository: I:\desktop_D-drive(ssd)\Visual-Studio-Projects\Face-Detection
2025-11-22 01:17:30,872 - \u26d4 Not a valid Git repository, skipping: I:\desktop_D-drive(ssd)\Visual-Studio-Projects\Face-Detection
2025-11-22 01:17:30,872 - 
\u27a1\ufe0f Checking repository: I:\desktop_D-drive(ssd)\Visual-Studio-Projects\Face-Detection2
2025-11-22 01:17:30,921 - \u26d4 Not a valid Git repository, skipping: I:\desktop_D-drive(ssd)\Visual-Studio-Projects\Face-Detection2
2025-11-22 01:17:31,089 - 
\u27a1\ufe0f Checking repository: I:\desktop_D-drive(ssd)\Visual-Studio-Projects\kutuprojects\FaceRecognition
2025-11-22 01:17:31,156 - \u26d4 Not a valid Git repository, skipping: I:\desktop_D-drive(ssd)\Visual-Studio-Projects\kutuprojects\FaceRecognition
2025-11-22 01:17:31,265 - 
\u27a1\ufe0f Checking repository: I:\desktop_D-drive(ssd)\Visual-Studio-Projects\WpfCameraAForge
2025-11-22 01:17:31,356 - \u26d4 Not a valid Git repository, skipping: I:\desktop_D-drive(ssd)\Visual-Studio-Projects\WpfCameraAForge
2025-11-22 01:17:31,361 - 
\u27a1\ufe0f Checking repository: I:\desktop_D-drive(ssd)\Enlite\Enlite
2025-11-22 01:17:31,419 - \u26d4 Not a valid Git repository, skipping: I:\desktop_D-drive(ssd)\Enlite\Enlite
2025-11-22 01:17:31,420 - 
\u27a1\ufe0f Checking repository: I:\desktop_D-drive(ssd)\Enlite\websync
2025-11-22 01:17:31,470 - \u26d4 Not a valid Git repository, skipping: I:\desktop_D-drive(ssd)\Enlite\websync
2025-11-22 01:17:31,489 - 
\u27a1\ufe0f Checking repository: I:\desktop_D-drive(ssd)\HMS - Kolkata1
2025-11-22 01:17:31,550 - \u26d4 Not a valid Git repository, skipping: I:\desktop_D-drive(ssd)\HMS - Kolkata1
2025-11-22 01:17:31,600 - 
\u27a1\ufe0f Checking repository: I:\desktop_D-drive(ssd)\python\gstRPA\simple-captcha-solver
2025-11-22 01:17:31,652 - \u26d4 Not a valid Git repository, skipping: I:\desktop_D-drive(ssd)\python\gstRPA\simple-captcha-solver
2025-11-22 01:17:31,653 - 
\u27a1\ufe0f Checking repository: I:\desktop_D-drive(ssd)\python\ocr_invoice_pipeline
2025-11-22 01:17:31,705 - \u26d4 Not a valid Git repository, skipping: I:\desktop_D-drive(ssd)\python\ocr_invoice_pipeline
2025-11-22 01:17:31,769 - 
\u27a1\ufe0f Checking repository: I:\desktop_D-drive(ssd)\python\webcamview
2025-11-22 01:17:31,815 - \u26d4 Not a valid Git repository, skipping: I:\desktop_D-drive(ssd)\python\webcamview
2025-11-22 01:17:32,231 - 
\u27a1\ufe0f Checking repository: I:\pythonprj\testprgs
2025-11-22 01:17:32,583 - \u2713 No changes found
